Ergebnisse der Bundestagswahl 2005 umgerechnet auf die Wahlkreise zur Bundestagswahl 2009;;;;;;;;;;;;;;;;;;;;;;;;;;;;;;;;;;;;;;;;;;;;;;;;;;;;;;;;;;;;;;;;;;;;;;;

Wkr.-Nr.;Land;Wahlkreisname;Wahlberechtigte;Wähler;Ungültige;Ungültige;Gültige;Gültige;SPD;SPD;CDU;CDU;CSU;CSU;GRÜNE;GRÜNE;FDP;FDP;Die Linke.;Die Linke.;Offensive D;Offensive D;REP;REP;NPD;NPD;Tierschutz;Tierschutz;GRAUE;GRAUE;PBC;PBC;DIE FRAUEN;DIE FRAUEN;FAMILIE;FAMILIE;BüSo;BüSo;BP;BP;ZENTRUM;ZENTRUM;Deutschland;Deutschland;AGFG;AGFG;APPD;APPD;50Plus;50Plus;MLPD;MLPD;Die PARTEI;Die PARTEI;PSG;PSG;Pro DM;Pro DM;CM;CM;DSU;DSU;HP;HP;HUMANWIRTSCHAFTSP;HUMANWIRTSCHAFTSP;STATT Partei;STATT Partei;UNABHÄNGIGE;UNABHÄNGIGE;Übrige
;;;Erststimmen;Erststimmen;Erststimmen;Zweitstimmen;Erststimmen;Zweitstimmen;Erststimmen;Zweitstimmen;Erststimmen;Zweitstimmen;Erststimmen;Zweitstimmen;Erststimmen;Zweitstimmen;Erststimmen;Zweitstimmen;Erststimmen;Zweitstimmen;Erststimmen;Zweitstimmen;Erststimmen;Zweitstimmen;Erststimmen;Zweitstimmen;Erststimmen;Zweitstimmen;Erststimmen;Zweitstimmen;Erststimmen;Zweitstimmen;Erststimmen;Zweitstimmen;Erststimmen;Zweitstimmen;Erststimmen;Zweitstimmen;Erststimmen;Zweitstimmen;Erststimmen;Zweitstimmen;Erststimmen;Zweitstimmen;Erststimmen;Zweitstimmen;Erststimmen;Zweitstimmen;Erststimmen;Zweitstimmen;Erststimmen;Zweitstimmen;Erststimmen;Zweitstimmen;Erststimmen;Zweitstimmen;Erststimmen;Zweitstimmen;Erststimmen;Zweitstimmen;Erststimmen;Zweitstimmen;Erststimmen;Zweitstimmen;Erststimmen;Zweitstimmen;Erststimmen;Zweitstimmen;Erststimmen;Zweitstimmen;Erststimmen
1;Schleswig-Holstein;Flensburg - Schleswig;220967;171827;2674;2596;169153;169231;74802;66099;74480;61535;0;0;7068;13597;5347;16397;6150;8120;0;0;0;0;1306;1359;0;0;0;0;0;0;0;0;0;2025;0;0;0;0;0;0;0;0;0;0;0;0;0;0;0;99;0;0;0;0;0;0;0;0;0;0;0;0;0;0;0;0;0;0;0
2;Schleswig-Holstein;Nordfriesland - Dithmarschen Nord;184580;143778;2280;2058;141498;141720;56380;51307;67786;59034;0;0;5670;8854;5907;14270;4542;5475;0;0;0;0;1213;1190;0;0;0;0;0;0;0;0;0;1508;0;0;0;0;0;0;0;0;0;0;0;0;0;0;0;82;0;0;0;0;0;0;0;0;0;0;0;0;0;0;0;0;0;0;0
3;Schleswig-Holstein;Steinburg - Dithmarschen Süd;177200;139014;2098;2108;136916;136906;56428;49715;61471;53340;0;0;4480;8979;6024;14701;4899;6288;0;0;0;0;1471;1665;0;0;0;0;0;0;0;0;2143;2129;0;0;0;0;0;0;0;0;0;0;0;0;0;0;0;89;0;0;0;0;0;0;0;0;0;0;0;0;0;0;0;0;0;0;0
4;Schleswig-Holstein;Rendsburg-Eckernförde;197355;158841;2187;2062;156654;156779;68480;59001;69082;59743;0;0;6164;12613;5607;15507;5106;6522;0;0;0;0;1454;1457;0;0;0;0;0;0;0;0;0;1835;0;0;0;0;0;0;0;0;0;0;0;0;0;0;0;101;0;0;0;0;0;0;0;0;0;0;0;0;0;0;0;0;0;0;761
5;Schleswig-Holstein;Kiel;194234;151040;2250;2048;148790;148992;75473;61777;50437;42945;0;0;9196;18995;4509;13190;6103;8899;0;0;0;0;1313;1377;0;0;0;0;0;0;0;0;1759;1657;0;0;0;0;0;0;0;0;0;0;0;0;0;0;0;152;0;0;0;0;0;0;0;0;0;0;0;0;0;0;0;0;0;0;0
6;Schleswig-Holstein;Plön - Neumünster;174075;136982;2560;2100;134422;134882;63207;53258;57110;48910;0;0;5166;10345;4798;12945;0;6009;0;0;0;0;1800;1526;0;0;0;0;0;0;0;0;2341;1778;0;0;0;0;0;0;0;0;0;0;0;0;0;0;0;111;0;0;0;0;0;0;0;0;0;0;0;0;0;0;0;0;0;0;0
7;Schleswig-Holstein;Pinneberg;227185;185609;2646;2287;182963;183322;78236;68570;80935;67534;0;0;9118;16610;6743;18796;6142;8043;0;0;0;0;1789;1770;0;0;0;0;0;0;0;0;0;1906;0;0;0;0;0;0;0;0;0;0;0;0;0;0;0;93;0;0;0;0;0;0;0;0;0;0;0;0;0;0;0;0;0;0;0
8;Schleswig-Holstein;Segeberg - Stormarn-Nord;233522;188632;2179;2107;186453;186525;79520;68214;81812;68553;0;0;7522;16110;7530;21167;5971;8166;0;0;0;0;1550;1707;0;0;0;0;0;0;0;0;2548;2517;0;0;0;0;0;0;0;0;0;0;0;0;0;0;0;91;0;0;0;0;0;0;0;0;0;0;0;0;0;0;0;0;0;0;0
9;Schleswig-Holstein;Ostholstein;177834;140965;1930;1842;139035;139123;61947;53947;60608;52564;0;0;3798;9353;5402;14442;4363;5794;0;0;0;0;1201;1350;0;0;0;0;0;0;0;0;1716;1608;0;0;0;0;0;0;0;0;0;0;0;0;0;0;0;65;0;0;0;0;0;0;0;0;0;0;0;0;0;0;0;0;0;0;0
10;Schleswig-Holstein;Herzogtum Lauenburg - Stormarn-Süd;232711;190357;3409;2458;186948;187899;82387;67206;83029;69894;0;0;9499;17328;8955;21046;0;8203;0;0;0;0;3078;2308;0;0;0;0;0;0;0;0;0;1808;0;0;0;0;0;0;0;0;0;0;0;0;0;0;0;106;0;0;0;0;0;0;0;0;0;0;0;0;0;0;0;0;0;0;0
11;Schleswig-Holstein;Lübeck;179114;132068;2286;2338;129782;129730;64442;56267;46254;40458;0;0;5664;11928;4493;10859;5358;7236;0;0;0;0;1322;1352;0;0;0;0;0;0;0;0;2249;1488;0;0;0;0;0;0;0;0;0;0;0;0;0;0;0;142;0;0;0;0;0;0;0;0;0;0;0;0;0;0;0;0;0;0;0
901;Schleswig-Holstein;Land;2198777;1739113;26499;24004;1712614;1715109;761302;655361;733004;624510;0;0;73345;144712;65315;173320;48634;78755;0;0;0;0;17497;17061;0;0;0;0;0;0;0;0;12756;20259;0;0;0;0;0;0;0;0;0;0;0;0;0;0;0;1131;0;0;0;0;0;0;0;0;0;0;0;0;0;0;0;0;0;0;761

12;Mecklenburg-Vorpommern;Wismar - Nordwestmecklenburg - Parchim;219787;156558;2989;2769;153569;153789;57998;54101;44656;43197;0;0;4322;6446;7999;9610;33509;33906;0;0;0;0;5085;4829;0;0;0;893;0;403;0;0;0;0;0;0;0;0;0;0;0;0;0;0;0;0;0;0;0;404;0;0;0;0;0;0;0;0;0;0;0;0;0;0;0;0;0;0;0
13;Mecklenburg-Vorpommern;Schwerin - Ludwigslust;185092;134742;2596;2332;132146;132410;54180;49324;35360;34064;0;0;3466;6102;5158;7781;28167;28978;0;0;0;0;4509;4431;0;0;0;966;0;406;0;0;0;0;0;0;0;0;0;0;0;0;0;0;0;0;0;0;0;358;0;0;0;0;0;0;0;0;0;0;0;0;0;0;0;0;0;0;1306
14;Mecklenburg-Vorpommern;Rostock;193869;139568;2562;1978;137006;137590;51623;53531;35053;31419;0;0;12917;7483;5656;7436;30578;32859;0;0;0;0;0;2768;0;0;0;1205;0;313;0;0;0;0;0;0;0;0;0;0;0;0;0;0;0;0;0;0;1179;576;0;0;0;0;0;0;0;0;0;0;0;0;0;0;0;0;0;0;0
15;Mecklenburg-Vorpommern;Stralsund - Nordvorpommern - Rügen;203689;141356;3056;3159;138300;138197;35028;35478;57131;47783;0;0;2734;4404;4078;10351;32850;33294;0;0;0;0;4787;5033;0;0;0;1016;0;384;0;0;0;0;0;0;0;0;0;0;0;0;0;0;0;0;0;0;0;454;0;0;0;0;0;0;0;0;0;0;0;0;0;0;0;0;0;0;1692
16;Mecklenburg-Vorpommern;Greifswald - Demmin - Ostvorpommern;208610;145628;3111;2979;142517;142649;36308;35419;53000;50875;0;0;3855;4718;7946;9502;34543;33863;0;0;0;0;6865;6459;0;0;0;995;0;417;0;0;0;0;0;0;0;0;0;0;0;0;0;0;0;0;0;0;0;401;0;0;0;0;0;0;0;0;0;0;0;0;0;0;0;0;0;0;0
17;Mecklenburg-Vorpommern;Bad Doberan - Güstrow - Müritz;215271;154726;3268;2954;151458;151772;50836;48027;48653;46295;0;0;4252;5989;5820;9470;34824;35020;0;0;0;0;5261;5071;0;0;0;835;740;658;0;0;0;0;0;0;0;0;0;0;0;0;0;0;0;0;0;0;0;407;0;0;0;0;0;0;0;0;0;0;0;0;0;0;0;0;0;0;1072
18;Mecklenburg-Vorpommern;Neubrandenburg - Mecklenburg-Strelitz - Uecker-Randow;192472;138309;3124;2997;135185;135312;40157;38950;42316;39683;0;0;3358;4237;6183;7899;36734;36782;0;0;0;0;6437;6156;0;0;0;856;0;400;0;0;0;0;0;0;0;0;0;0;0;0;0;0;0;0;0;0;0;349;0;0;0;0;0;0;0;0;0;0;0;0;0;0;0;0;0;0;0
913;Mecklenburg-Vorpommern;Land;1418790;1010887;20706;19168;990181;991719;326130;314830;316169;293316;0;0;34904;39379;42840;62049;231205;234702;0;0;0;0;32944;34747;0;0;0;6766;740;2981;0;0;0;0;0;0;0;0;0;0;0;0;0;0;0;0;0;0;1179;2949;0;0;0;0;0;0;0;0;0;0;0;0;0;0;0;0;0;0;4070

19;Hamburg;Hamburg-Mitte;245210;179752;2588;2386;177164;177366;87748;74573;48762;42351;0;0;20230;27703;6407;13806;10869;13967;0;0;0;0;2433;2201;0;1540;0;0;0;0;0;0;0;0;0;0;0;0;0;0;0;0;0;0;0;381;0;0;0;117;0;727;0;0;0;0;0;0;0;0;0;0;0;0;0;0;0;0;715
20;Hamburg;Hamburg-Altona;170950;136372;1552;1335;134820;135037;61936;47600;45468;38333;0;0;15507;25387;4444;12185;6492;8914;0;0;0;0;973;951;0;853;0;0;0;0;0;0;0;0;0;0;0;0;0;0;0;0;0;0;0;269;0;0;0;86;0;459;0;0;0;0;0;0;0;0;0;0;0;0;0;0;0;0;0
21;Hamburg;Hamburg-Eimsbüttel;181988;147354;1725;1337;145629;146017;65610;54488;49039;40058;0;0;18249;26223;5297;13841;6366;8977;0;0;0;0;1068;910;0;936;0;0;0;0;0;0;0;0;0;0;0;0;0;0;0;0;0;0;0;165;0;0;0;54;0;365;0;0;0;0;0;0;0;0;0;0;0;0;0;0;0;0;0
22;Hamburg;Hamburg-Nord;203063;168352;1581;1359;166771;166993;72148;58596;65788;53812;0;0;16177;26143;6003;18089;5602;7951;0;0;0;0;1053;979;0;945;0;0;0;0;0;0;0;0;0;0;0;0;0;0;0;0;0;0;0;161;0;0;0;46;0;271;0;0;0;0;0;0;0;0;0;0;0;0;0;0;0;0;0
23;Hamburg;Hamburg-Wandsbek;214063;163239;2053;1896;161186;161343;79926;65105;57577;49305;0;0;8237;18519;5648;14572;7542;9827;0;0;0;0;2256;2171;0;1350;0;0;0;0;0;0;0;0;0;0;0;0;0;0;0;0;0;0;0;156;0;0;0;53;0;285;0;0;0;0;0;0;0;0;0;0;0;0;0;0;0;0;0
24;Hamburg;Hamburg-Bergedorf - Harburg;215443;159084;2428;2476;156656;156608;79967;65184;53810;48559;0;0;7330;16776;5105;12100;7632;9827;0;0;0;0;2352;2251;0;1240;0;0;460;0;0;0;0;0;0;0;0;0;0;0;0;0;0;0;0;187;0;0;0;85;0;399;0;0;0;0;0;0;0;0;0;0;0;0;0;0;0;0;0
902;Hamburg;Land;1230717;954153;11927;10789;942226;943364;447335;365546;320444;272418;0;0;85730;140751;32904;84593;44503;59463;0;0;0;0;10135;9463;0;6864;0;0;460;0;0;0;0;0;0;0;0;0;0;0;0;0;0;0;0;1319;0;0;0;441;0;2506;0;0;0;0;0;0;0;0;0;0;0;0;0;0;0;0;715

25;Niedersachsen;Aurich - Emden;187031;144499;2689;2273;141810;142226;82618;79448;38467;35368;0;0;8748;8868;4441;8800;5516;6357;0;0;0;0;1660;1606;0;815;0;405;0;270;0;0;0;0;0;62;0;0;0;0;0;0;0;0;0;0;0;0;0;80;0;0;0;0;0;147;0;0;0;0;0;0;0;0;0;0;0;0;360
26;Niedersachsen;Unterems;227506;177726;2413;2295;175313;175431;69621;72167;82559;71136;0;0;6246;7242;8246;13634;5742;7137;0;0;0;0;1920;1915;0;893;0;376;979;724;0;0;0;0;0;59;0;0;0;0;0;0;0;0;0;0;0;0;0;33;0;0;0;0;0;115;0;0;0;0;0;0;0;0;0;0;0;0;0
27;Niedersachsen;Friesland - Wilhelmshaven;190965;146571;2938;2589;143633;143982;72454;67133;48472;43900;0;0;5480;8409;7187;12846;6004;6962;0;0;0;0;2413;2146;0;1052;0;977;0;160;0;0;0;0;0;92;0;0;0;0;0;0;0;0;0;0;0;0;0;163;0;0;0;0;0;142;0;0;0;0;0;0;0;0;0;0;0;0;1623
28;Niedersachsen;Oldenburg - Ammerland;210068;166206;2219;1841;163987;164365;73355;72316;58364;46510;0;0;16369;18185;6341;15308;7963;8583;0;0;0;0;1595;1592;0;915;0;487;0;186;0;0;0;0;0;62;0;0;0;0;0;0;0;0;0;0;0;0;0;81;0;0;0;0;0;140;0;0;0;0;0;0;0;0;0;0;0;0;0
29;Niedersachsen;Delmenhorst - Wesermarsch - Oldenburg-Land;224736;175320;2882;2912;172438;172408;86321;79652;59327;49561;0;0;8209;12405;8741;17836;6856;8398;0;0;0;0;2123;2142;0;1099;0;795;0;206;0;0;0;0;0;74;0;0;0;0;0;0;0;0;0;0;0;0;0;74;0;0;0;0;0;166;0;0;0;0;0;0;0;0;0;0;0;0;861
30;Niedersachsen;Cuxhaven - Stade II;189974;148796;2087;1885;146709;146911;71891;64724;57968;50370;0;0;4962;8966;5438;12349;4078;6447;0;0;0;0;2372;2011;0;986;0;640;0;173;0;0;0;0;0;76;0;0;0;0;0;0;0;0;0;0;0;0;0;45;0;0;0;0;0;124;0;0;0;0;0;0;0;0;0;0;0;0;0
31;Niedersachsen;Stade I - Rotenburg II;188816;150641;2048;1554;148593;149087;67942;59776;64002;54446;0;0;5918;10658;6488;14467;1551;5701;0;0;0;0;2692;2139;0;842;0;570;0;226;0;0;0;0;0;80;0;0;0;0;0;0;0;0;0;0;0;0;0;45;0;0;0;0;0;137;0;0;0;0;0;0;0;0;0;0;0;0;0
32;Niedersachsen;Mittelems;222778;179716;1981;1926;177735;177790;61236;60408;98882;86520;0;0;5848;8212;6167;15042;4315;4897;0;0;0;0;1287;1237;0;761;0;319;0;185;0;0;0;0;0;58;0;0;0;0;0;0;0;0;0;0;0;0;0;30;0;0;0;0;0;121;0;0;0;0;0;0;0;0;0;0;0;0;0
33;Niedersachsen;Cloppenburg - Vechta;206345;160307;2376;1978;157931;158329;41988;40084;101777;90513;0;0;3723;5227;6177;16071;3018;3602;0;0;0;0;1248;1219;0;613;0;304;0;507;0;0;0;0;0;50;0;0;0;0;0;0;0;0;0;0;0;0;0;35;0;0;0;0;0;104;0;0;0;0;0;0;0;0;0;0;0;0;0
34;Niedersachsen;Diepholz - Nienburg I;192368;152034;1664;1456;150370;150578;68750;62773;58684;50311;0;0;8329;11070;7454;16092;5418;6577;0;0;0;0;1735;1782;0;870;0;545;0;315;0;0;0;0;0;75;0;0;0;0;0;0;0;0;0;0;0;0;0;56;0;0;0;0;0;112;0;0;0;0;0;0;0;0;0;0;0;0;0
35;Niedersachsen;Osterholz - Verden;190409;152524;1813;1582;150711;150942;73003;65909;52093;45078;0;0;9774;13732;7001;13843;6281;7604;0;0;0;0;2559;2387;0;975;0;608;0;536;0;0;0;0;0;82;0;0;0;0;0;0;0;0;0;0;0;0;0;52;0;0;0;0;0;136;0;0;0;0;0;0;0;0;0;0;0;0;0
36;Niedersachsen;Rotenburg I - Soltau-Fallingbostel;168165;132230;1836;1584;130394;130646;58134;53117;54385;46769;0;0;5260;9164;5507;12409;4417;5229;0;0;0;0;2173;2019;0;892;0;365;518;474;0;0;0;0;0;66;0;0;0;0;0;0;0;0;0;0;0;0;0;41;0;0;0;0;0;101;0;0;0;0;0;0;0;0;0;0;0;0;0
37;Niedersachsen;Harburg;185646;154160;1924;1555;152236;152605;64462;56250;66788;55816;0;0;7065;13324;6599;17501;4904;5771;0;0;0;0;1879;1687;0;996;0;605;539;397;0;0;0;0;0;69;0;0;0;0;0;0;0;0;0;0;0;0;0;42;0;0;0;0;0;147;0;0;0;0;0;0;0;0;0;0;0;0;0
38;Niedersachsen;Lüchow-Dannenberg - Lüneburg;175383;138955;1936;1657;137019;137298;61468;54010;49363;42265;0;0;11557;16420;5603;12649;7124;8265;0;0;0;0;1904;1826;0;798;0;567;0;255;0;0;0;0;0;60;0;0;0;0;0;0;0;0;0;0;0;0;0;56;0;0;0;0;0;127;0;0;0;0;0;0;0;0;0;0;0;0;0
39;Niedersachsen;Osnabrück-Land;194638;154657;1896;1673;152761;152984;61900;57200;71536;62100;0;0;6884;10143;6635;15371;4274;5039;0;0;0;0;1532;1482;0;691;0;319;0;466;0;0;0;0;0;53;0;0;0;0;0;0;0;0;0;0;0;0;0;21;0;0;0;0;0;99;0;0;0;0;0;0;0;0;0;0;0;0;0
40;Niedersachsen;Stadt Osnabrück;191774;153955;1865;1648;152090;152307;67136;60941;61467;54431;0;0;9528;14734;8038;14015;4801;5615;0;0;0;0;1120;1056;0;605;0;431;0;286;0;0;0;0;0;47;0;0;0;0;0;0;0;0;0;0;0;0;0;61;0;0;0;0;0;85;0;0;0;0;0;0;0;0;0;0;0;0;0
41;Niedersachsen;Nienburg II - Schaumburg;199276;157540;2024;1836;155516;155704;80280;73126;57237;50643;0;0;5190;9457;5374;12548;4637;5618;0;0;0;0;2363;2369;0;808;0;443;0;432;0;0;0;0;0;75;0;0;0;0;0;0;0;0;0;0;0;0;0;45;0;0;0;0;0;140;0;0;0;0;0;0;0;0;0;0;0;0;435
42;Niedersachsen;Stadt Hannover I;179372;140366;1855;1548;138511;138818;73195;64477;44061;36313;0;0;8333;15356;5419;12349;5565;6666;0;0;0;0;1731;1658;0;749;0;686;0;312;0;0;0;0;0;74;0;0;0;0;0;0;0;0;0;0;0;0;207;92;0;0;0;0;0;86;0;0;0;0;0;0;0;0;0;0;0;0;0
43;Niedersachsen;Stadt Hannover II;188507;147965;2006;1652;145959;146313;79249;66004;44250;37099;0;0;9943;20271;4629;11689;6305;7969;0;0;0;0;1583;1428;0;747;0;539;0;293;0;0;0;0;0;84;0;0;0;0;0;0;0;0;0;0;0;0;0;106;0;0;0;0;0;84;0;0;0;0;0;0;0;0;0;0;0;0;0
44;Niedersachsen;Hannover-Land I;231063;187725;2382;2034;185343;185691;92505;82786;70840;60292;0;0;6100;13112;7931;18205;5466;6554;0;0;0;0;2501;2297;0;991;0;714;0;442;0;0;0;0;0;87;0;0;0;0;0;0;0;0;0;0;0;0;0;57;0;0;0;0;0;154;0;0;0;0;0;0;0;0;0;0;0;0;0
45;Niedersachsen;Celle - Uelzen;217953;172223;2006;1918;170217;170305;79449;69053;70623;61932;0;0;5275;11021;6156;16195;5477;7086;0;0;0;0;2489;2614;0;1000;0;579;748;560;0;0;0;0;0;77;0;0;0;0;0;0;0;0;0;0;0;0;0;52;0;0;0;0;0;136;0;0;0;0;0;0;0;0;0;0;0;0;0
46;Niedersachsen;Gifhorn - Peine;216115;174673;2478;2211;172195;172462;87957;79969;63355;55810;0;0;5645;10509;5354;14026;5984;7193;0;0;0;0;2192;2232;0;1037;0;559;1138;851;0;0;0;0;0;92;0;0;0;0;0;0;570;0;0;0;0;0;0;67;0;0;0;0;0;117;0;0;0;0;0;0;0;0;0;0;0;0;0
47;Niedersachsen;Hameln-Pyrmont - Holzminden;201339;158761;2623;2353;156138;156408;78435;74129;54582;45916;0;0;6815;9756;7248;15170;6737;7057;0;0;0;0;2321;2283;0;1049;0;436;0;361;0;0;0;0;0;66;0;0;0;0;0;0;0;0;0;0;0;0;0;44;0;0;0;0;0;141;0;0;0;0;0;0;0;0;0;0;0;0;0
48;Niedersachsen;Hannover-Land II;238612;195863;2637;2325;193226;193538;99465;90630;69840;58796;0;0;8000;15028;6658;16590;6429;7164;0;0;0;0;2834;2634;0;1157;0;815;0;385;0;0;0;0;0;101;0;0;0;0;0;0;0;0;0;0;0;0;0;83;0;0;0;0;0;155;0;0;0;0;0;0;0;0;0;0;0;0;0
49;Niedersachsen;Hildesheim;223707;182239;2978;2594;179261;179645;91383;84440;66053;58261;0;0;8630;12684;4929;12909;5481;6781;0;0;0;0;2289;2315;0;1041;0;553;0;383;0;0;0;0;0;74;0;0;0;0;0;0;0;0;0;0;0;0;0;48;0;0;0;0;0;156;0;0;0;0;0;0;0;0;496;0;0;0;0
50;Niedersachsen;Salzgitter - Wolfenbüttel;217909;173204;2918;2856;170286;170348;89068;81279;60671;53365;0;0;5718;9317;4466;12572;6896;8596;0;0;0;0;2680;2704;0;1087;0;596;787;528;0;0;0;0;0;70;0;0;0;0;0;0;0;0;0;0;0;0;0;75;0;0;0;0;0;159;0;0;0;0;0;0;0;0;0;0;0;0;0
51;Niedersachsen;Braunschweig;187823;147350;2168;1953;145182;145397;74710;64679;51257;42048;0;0;6613;14421;4414;12344;6376;8096;0;0;0;0;1579;1597;0;986;0;667;0;230;0;0;0;0;0;78;0;0;0;0;0;0;0;0;0;0;0;0;233;127;0;0;0;0;0;124;0;0;0;0;0;0;0;0;0;0;0;0;0
52;Niedersachsen;Helmstedt - Wolfsburg;188485;148023;2809;2591;145214;145432;71846;67936;54172;46352;0;0;5414;8297;4718;11368;5607;6567;0;0;0;0;2782;2601;0;988;0;660;675;442;0;0;0;0;0;56;0;0;0;0;0;0;0;0;0;0;0;0;0;62;0;0;0;0;0;103;0;0;0;0;0;0;0;0;0;0;0;0;0
53;Niedersachsen;Goslar - Northeim - Osterode;219886;173976;2979;2757;170997;171219;86432;78632;62869;53595;0;0;5145;9799;6791;16163;7359;8402;0;0;0;0;2401;2413;0;1020;0;588;0;290;0;0;0;0;0;95;0;0;0;0;0;0;0;0;0;0;0;0;0;53;0;0;0;0;0;169;0;0;0;0;0;0;0;0;0;0;0;0;0
54;Niedersachsen;Göttingen;226392;180697;2425;2218;178272;178479;83493;75126;63639;54431;0;0;13854;19066;6324;15980;7624;9267;0;0;0;0;2356;2353;0;941;0;762;0;232;0;0;0;0;0;94;0;0;0;0;0;0;0;0;0;0;0;0;0;85;0;0;0;0;0;142;0;0;0;0;0;0;0;0;0;0;673;0;309
903;Niedersachsen;Land;6083041;4828902;68855;61254;4760047;4767648;2249746;2058174;1857583;1599947;0;0;224575;354853;186474;426341;168205;205200;0;0;0;0;62313;59744;0;27404;0;16910;5384;11107;0;0;0;0;0;2188;0;0;0;0;0;0;570;0;0;0;0;0;440;1911;0;0;0;0;0;3869;0;0;0;0;0;0;0;0;496;0;673;0;3588

55;Bremen;Bremen I;252856;196547;2799;2466;193748;194081;93663;77039;54538;46223;0;0;23445;32198;7198;17186;12701;15817;0;0;0;0;2203;2085;0;0;0;1804;0;614;0;661;0;0;0;0;0;0;0;0;0;0;0;0;0;0;0;0;0;168;0;0;0;0;0;286;0;0;0;0;0;0;0;0;0;0;0;0;0
56;Bremen;Bremen II - Bremerhaven;233619;170735;3033;2895;167702;167840;91154;78327;41582;36166;0;0;11702;19402;6316;12143;12957;14753;0;0;0;0;3310;3256;0;0;0;2043;0;469;0;791;0;0;0;0;0;0;0;0;0;0;0;0;0;0;0;0;0;115;0;0;0;0;0;375;0;0;0;0;0;0;0;0;0;0;0;0;681
904;Bremen;Land;486475;367282;5832;5361;361450;361921;184817;155366;96120;82389;0;0;35147;51600;13514;29329;25658;30570;0;0;0;0;5513;5341;0;0;0;3847;0;1083;0;1452;0;0;0;0;0;0;0;0;0;0;0;0;0;0;0;0;0;283;0;0;0;0;0;661;0;0;0;0;0;0;0;0;0;0;0;0;681

57;Brandenburg;Prignitz - Ostprignitz-Ruppin - Havelland I;176284;126283;2336;2264;123947;124019;47727;45385;29092;27219;0;0;6809;5510;5522;7941;31280;32966;0;0;0;0;3517;3400;0;0;0;780;0;0;0;0;0;0;0;0;0;0;0;0;0;0;0;0;0;0;0;591;0;227;0;0;0;0;0;0;0;0;0;0;0;0;0;0;0;0;0;0;0
58;Brandenburg;Uckermark - Barnim I;174854;124502;2425;2073;122077;122429;48358;44371;28104;25204;0;0;2947;4579;4174;6585;34257;35772;0;0;0;0;4237;3964;0;0;0;757;0;0;0;0;0;0;0;0;0;0;0;0;0;0;0;0;0;0;0;968;0;229;0;0;0;0;0;0;0;0;0;0;0;0;0;0;0;0;0;0;0
59;Brandenburg;Oberhavel - Havelland II;240691;184656;3439;3041;181217;181615;76005;65617;47977;40007;0;0;0;11868;7567;14446;39751;40008;0;0;0;0;5797;5828;0;0;0;2123;0;0;0;0;4120;0;0;0;0;0;0;0;0;0;0;0;0;0;0;1386;0;332;0;0;0;0;0;0;0;0;0;0;0;0;0;0;0;0;0;0;0
60;Brandenburg;Märkisch-Oderland - Barnim II;248485;189602;3383;3261;186219;186341;65841;64590;38074;34858;0;0;4817;9020;7123;12233;61604;55493;444;0;0;0;6140;6290;0;0;0;2192;0;0;0;0;0;0;0;0;0;0;0;0;0;0;0;0;0;0;0;1285;0;380;0;0;0;0;0;0;0;0;0;0;0;0;0;0;0;0;0;0;2176
61;Brandenburg;Brandenburg an der Havel - Potsdam-Mittelmark I - Havelland III - Teltow-Fläming I;203338;147006;3139;2939;143867;144067;59304;54128;32329;29083;0;0;4063;6442;6029;9494;37881;38172;0;0;0;0;4261;4224;0;0;0;1371;0;0;0;0;0;0;0;0;0;0;0;0;0;0;0;0;0;0;0;813;0;340;0;0;0;0;0;0;0;0;0;0;0;0;0;0;0;0;0;0;0
62;Brandenburg;Potsdam - Potsdam-Mittelmark II - Teltow-Fläming II;227461;180704;2633;2402;178071;178302;72719;66782;38140;33168;0;0;8387;15766;6180;13567;46820;42739;0;0;0;0;3173;3162;0;0;0;1668;0;0;0;0;2652;0;0;0;0;0;0;0;0;0;0;0;0;0;0;1097;0;353;0;0;0;0;0;0;0;0;0;0;0;0;0;0;0;0;0;0;0
63;Brandenburg;Dahme-Spreewald - Teltow-Fläming III - Oberspreewald-Lausitz I;241291;184664;3892;3374;180772;181290;76660;66478;43122;39057;0;0;5426;8958;7521;12869;41949;45267;0;0;0;0;5667;5477;0;0;0;1677;0;0;0;0;427;0;0;0;0;0;0;0;0;0;0;0;0;0;0;1151;0;356;0;0;0;0;0;0;0;0;0;0;0;0;0;0;0;0;0;0;0
64;Brandenburg;Frankfurt (Oder) - Oder-Spree;212095;159026;2957;2767;156069;156259;55335;55201;31943;29626;0;0;4332;7078;6256;9917;51895;45467;0;0;0;0;5679;5602;0;0;0;1686;0;0;0;0;0;0;0;0;0;0;0;0;0;0;0;0;0;0;0;1182;0;500;0;0;0;0;0;0;0;0;0;0;0;0;0;0;0;0;0;0;629
65;Brandenburg;Cottbus - Spree-Neiße;203223;149081;2653;2331;146428;146750;55110;52699;32147;29234;0;0;4111;6302;8128;10193;39877;40410;0;0;0;0;5116;5049;0;0;0;1528;0;0;0;0;0;0;0;0;0;0;0;0;0;0;0;0;0;0;0;931;0;404;0;0;0;0;0;0;0;0;0;0;0;0;0;0;0;0;0;0;1939
66;Brandenburg;Elbe-Elster - Oberspreewald-Lausitz II;200630;149459;3156;2917;146303;146542;50985;46438;37826;34944;0;0;3670;4730;8223;10491;37797;40065;0;0;0;0;7802;7284;0;0;0;1065;0;0;0;0;0;0;0;0;0;0;0;0;0;0;0;0;0;0;0;1132;0;393;0;0;0;0;0;0;0;0;0;0;0;0;0;0;0;0;0;0;0
912;Brandenburg;Land;2128352;1594983;30013;27369;1564970;1567614;608044;561689;358754;322400;0;0;44562;80253;66723;107736;423111;416359;444;0;0;0;51389;50280;0;0;0;14847;0;0;0;0;7199;0;0;0;0;0;0;0;0;0;0;0;0;0;0;10536;0;3514;0;0;0;0;0;0;0;0;0;0;0;0;0;0;0;0;0;0;4744

67;Sachsen-Anhalt;Altmark;188647;135206;2810;2494;132396;132712;44012;43852;41197;35087;0;0;2975;4584;4515;8372;36157;36503;563;259;0;340;2977;2902;0;0;0;0;0;0;0;0;0;0;0;0;0;0;0;0;0;0;0;0;0;0;0;0;0;348;0;0;0;0;0;465;0;0;0;0;0;0;0;0;0;0;0;0;0
68;Sachsen-Anhalt;Börde - Jerichower Land;246402;174931;4368;3901;170563;171030;64381;58156;47925;45649;0;0;3950;5698;9003;12646;39398;42866;805;541;0;473;4715;3977;0;0;0;0;0;0;0;0;0;0;0;0;0;0;0;0;0;0;0;0;0;0;0;0;0;403;0;0;0;0;0;621;0;0;0;0;0;0;0;0;0;0;0;0;386
69;Sachsen-Anhalt;Harz;245549;174563;4369;3582;170194;170981;58478;57891;45977;42617;0;0;6469;6537;9185;12557;44872;45006;109;217;0;672;4979;4372;0;0;0;0;0;0;0;0;0;0;0;0;0;0;0;0;0;0;0;0;0;0;0;0;0;403;0;0;0;0;0;709;0;0;0;0;0;0;0;0;0;0;0;0;125
70;Sachsen-Anhalt;Magdeburg;253665;179260;4017;3700;175243;175560;69879;63537;42609;38687;0;0;5635;9406;6991;11612;45407;47239;432;275;0;441;3179;2985;0;0;0;0;0;0;0;0;0;0;0;0;0;0;0;0;0;0;0;0;0;0;0;0;873;724;0;0;0;0;0;654;0;0;0;0;0;0;0;0;0;0;0;0;238
71;Sachsen-Anhalt;Dessau - Wittenberg;204383;148711;2830;2705;145881;146006;49423;46559;45006;37437;0;0;4220;6415;6665;12748;34161;36876;1480;808;0;529;3515;3370;0;0;0;0;0;0;0;0;0;0;0;0;0;0;0;0;0;0;0;0;0;0;0;0;667;665;0;0;0;0;0;599;0;0;0;0;0;0;0;0;0;0;0;0;744
72;Sachsen-Anhalt;Anhalt;259087;179616;4271;3942;175345;175674;63003;56082;48674;43686;0;0;3771;5577;9071;15356;42190;47205;568;454;0;878;5375;4841;0;0;0;0;0;0;0;0;0;0;0;0;0;0;0;0;0;0;0;0;0;0;0;0;878;850;0;0;0;0;0;745;0;0;0;0;0;0;0;0;0;0;0;0;1815
73;Sachsen-Anhalt;Halle;226697;162607;3253;3103;159354;159504;56529;52620;40958;33801;0;0;5405;10772;8532;15034;42260;42147;45;196;0;374;2963;2885;0;0;0;0;0;0;0;0;0;0;0;0;0;0;0;0;0;0;0;0;0;0;0;0;1165;930;0;0;0;0;0;745;0;0;0;0;0;0;0;0;0;0;0;0;1497
74;Sachsen-Anhalt;Burgenland - Saalekreis;221879;155763;3852;3811;151911;151952;47943;44955;44756;39561;0;0;3253;5045;8584;13647;39820;40483;6;169;0;594;7067;6383;0;0;0;0;482;0;0;0;0;0;0;0;0;0;0;0;0;0;0;0;0;0;0;0;0;496;0;0;0;0;0;619;0;0;0;0;0;0;0;0;0;0;0;0;0
75;Sachsen-Anhalt;Mansfeld;241799;171014;4195;3854;166819;167160;54925;51257;47216;41138;0;0;3434;5112;9419;15183;45003;47097;949;419;0;524;5554;5255;0;0;0;0;0;0;0;0;0;0;0;0;0;0;0;0;0;0;0;0;0;0;0;0;114;593;0;0;0;0;0;582;0;0;0;0;0;0;0;0;0;0;0;0;205
915;Sachsen-Anhalt;Land;2088108;1481671;33965;31092;1447706;1450579;508573;474909;404318;357663;0;0;39112;59146;71965;117155;369268;385422;4957;3338;0;4825;40324;36970;0;0;0;0;482;0;0;0;0;0;0;0;0;0;0;0;0;0;0;0;0;0;0;0;3697;5412;0;0;0;0;0;5739;0;0;0;0;0;0;0;0;0;0;0;0;5010

76;Berlin;Berlin-Mitte;192321;142190;2829;2405;139361;139785;58445;48550;32321;27047;0;0;19375;25309;5188;10527;19271;20989;0;0;1331;1084;1757;1625;0;0;0;2789;0;0;0;549;0;0;1010;263;0;0;0;0;0;0;0;0;0;242;0;0;0;81;0;615;0;115;0;0;0;0;0;0;0;0;0;0;0;0;0;0;663
77;Berlin;Berlin-Pankow;224621;174821;2700;2379;172121;172442;70730;59613;26407;24750;0;0;21946;27181;5241;9839;41864;42051;0;0;0;792;3821;3235;0;0;0;2366;0;0;0;915;0;0;823;344;0;0;0;0;0;0;0;0;803;374;0;0;0;116;0;713;0;153;0;0;0;0;0;0;486;0;0;0;0;0;0;0;0
78;Berlin;Berlin-Reinickendorf;185854;147047;3294;2673;143753;144374;61133;48283;54262;47223;0;0;7821;14795;7841;15541;6883;8902;0;0;1516;1414;1805;1800;0;0;0;4804;0;0;0;607;0;0;567;225;0;0;0;0;0;0;0;0;0;123;0;0;0;35;0;518;0;104;0;0;0;0;0;0;0;0;0;0;0;0;663;0;1262
79;Berlin;Berlin-Spandau - Charlottenburg Nord;184180;140504;3480;3063;137024;137441;64119;49797;48791;40351;0;0;6347;14485;5562;13593;7608;9983;0;0;1515;1314;1733;1703;0;0;0;4444;0;0;0;651;0;0;1349;301;0;0;0;0;0;0;0;0;0;109;0;0;0;96;0;497;0;117;0;0;0;0;0;0;0;0;0;0;0;0;0;0;0
80;Berlin;Berlin-Steglitz - Zehlendorf;215568;180247;3081;2361;177166;177886;68537;54034;70874;56937;0;0;17724;28356;9358;23027;6849;9253;0;0;0;579;1696;1355;0;0;0;2739;0;0;0;490;0;0;962;337;0;0;0;0;0;0;0;0;0;105;0;0;0;37;0;537;0;100;0;0;0;0;0;0;0;0;0;0;0;0;1166;0;0
81;Berlin;Berlin-Charlottenburg - Wilmersdorf;196910;158865;2771;2105;156094;156760;68625;50168;52408;42736;0;0;17273;30468;8591;19341;7042;9152;0;0;0;381;1298;980;0;0;0;2377;0;0;0;344;0;0;857;231;0;0;0;0;0;0;0;0;0;101;0;0;0;39;0;382;0;60;0;0;0;0;0;0;0;0;0;0;0;0;0;0;0
82;Berlin;Berlin-Tempelhof - Schöneberg;234161;185593;3680;3222;181913;182371;62125;62854;59787;49847;0;0;38198;30703;7396;18254;8538;12395;0;0;0;893;2202;1854;0;0;0;3392;0;0;1327;811;0;0;330;220;0;0;0;0;0;0;0;0;0;184;0;0;0;64;995;775;0;125;0;0;0;0;0;0;0;0;0;0;0;0;1015;0;0
83;Berlin;Berlin-Neukölln;194781;144224;3625;3157;140599;141067;55264;48866;51444;40087;0;0;13381;18438;5076;12035;9375;12260;0;0;0;1052;2832;2370;0;0;0;3766;0;0;0;702;0;0;0;92;0;0;0;0;0;0;0;0;490;247;0;0;296;172;1480;868;0;112;0;0;0;0;0;0;0;0;0;0;0;0;0;0;961
84;Berlin;Berlin-Friedrichshain - Kreuzberg - Prenzlauer Berg Ost;215324;164838;3034;2676;161804;162162;33562;60421;18300;17899;0;0;69988;35410;4328;7402;29145;33711;0;0;0;415;2466;1923;0;0;0;1788;0;0;0;683;0;0;329;170;0;0;0;0;0;0;0;0;699;864;0;0;0;170;1363;1160;0;146;0;0;0;0;0;0;268;0;0;0;0;0;0;0;1356
85;Berlin;Berlin-Treptow - Köpenick;193339;152302;2498;2294;149804;150008;49807;54938;24823;22791;0;0;6051;12468;3532;8448;60470;42675;0;0;0;661;3788;3549;0;0;0;2136;0;0;0;831;0;0;1333;395;0;0;0;0;0;0;0;0;0;208;0;0;0;150;0;579;0;179;0;0;0;0;0;0;0;0;0;0;0;0;0;0;0
86;Berlin;Berlin-Marzahn - Hellersdorf;200926;147668;2604;2268;145064;145400;42132;49595;23459;20499;0;0;5372;7588;4356;7241;61845;50042;0;0;0;731;5428;4634;0;0;0;2267;0;0;0;1116;0;0;1326;501;0;0;0;0;0;0;0;0;0;164;0;0;0;163;0;633;0;226;0;0;0;0;0;0;0;0;0;0;0;0;0;0;1146
87;Berlin;Berlin-Lichtenberg;200917;149098;2533;2158;146565;146940;47112;50555;20138;18548;0;0;6373;9345;4002;6909;62824;52217;0;0;0;631;4682;4042;0;0;0;2251;0;0;0;921;0;0;1434;415;0;0;0;0;0;0;0;0;0;193;0;0;0;131;0;596;0;186;0;0;0;0;0;0;0;0;0;0;0;0;0;0;0
911;Berlin;Land;2438902;1887397;36129;30761;1851268;1856636;681591;637674;483014;408715;0;0;229849;254546;70471;152157;321714;303630;0;0;4362;9947;33508;29070;0;0;0;35119;0;0;1327;8620;0;0;10320;3494;0;0;0;0;0;0;0;0;1992;2914;0;0;296;1254;3838;7873;0;1623;0;0;0;0;0;0;754;0;0;0;0;0;2844;0;5388

88;Nordrhein-Westfalen;Aachen;174998;137879;1996;1656;135883;136223;55086;45300;53170;44710;0;0;12462;19566;7476;15655;6655;8165;0;0;0;218;1034;880;0;541;0;481;0;71;0;0;0;369;0;53;0;0;0;41;0;93;0;0;0;0;0;0;0;32;0;0;0;48;0;0;0;0;0;0;0;0;0;0;0;0;0;0;0
89;Nordrhein-Westfalen;Kreis Aachen;227154;176643;3509;2894;173134;173749;79617;71160;68563;59633;0;0;6205;10309;7308;16243;9139;11003;0;0;0;926;2302;1676;0;941;0;584;0;90;0;0;0;818;0;38;0;0;0;42;0;173;0;0;0;0;0;0;0;37;0;0;0;76;0;0;0;0;0;0;0;0;0;0;0;0;0;0;0
90;Nordrhein-Westfalen;Heinsberg;185273;143248;3424;2738;139824;140510;52148;45723;71887;60704;0;0;0;7250;7345;15059;6512;7193;0;0;0;716;1932;1438;0;781;0;485;0;131;0;0;0;718;0;56;0;0;0;45;0;124;0;0;0;0;0;0;0;29;0;0;0;58;0;0;0;0;0;0;0;0;0;0;0;0;0;0;0
91;Nordrhein-Westfalen;Düren;198643;154115;2707;2385;151408;151730;64858;57163;68166;58467;0;0;4476;8672;5628;14298;6504;8317;0;0;0;384;1776;1516;0;891;0;671;0;207;0;0;0;784;0;36;0;0;0;58;0;172;0;0;0;0;0;0;0;24;0;0;0;70;0;0;0;0;0;0;0;0;0;0;0;0;0;0;0
92;Nordrhein-Westfalen;Erftkreis I;240830;191575;3083;2516;188492;189059;90150;77413;74380;63432;0;0;5797;12838;9168;21187;7041;8853;0;0;0;475;1956;1562;0;1177;0;840;0;82;0;0;0;792;0;58;0;0;0;47;0;184;0;0;0;0;0;0;0;37;0;0;0;82;0;0;0;0;0;0;0;0;0;0;0;0;0;0;0
93;Nordrhein-Westfalen;Euskirchen - Erftkreis II;243187;190431;3442;2984;186989;187447;73415;65444;86515;70202;0;0;6774;12973;10419;24766;7349;8751;0;0;0;602;1867;1553;0;1007;0;710;0;152;0;0;0;845;0;54;0;0;0;79;0;177;0;0;0;0;0;0;0;31;0;0;0;101;0;0;0;0;0;0;0;0;0;0;0;0;0;0;650
94;Nordrhein-Westfalen;Köln I;184010;137164;708;480;136456;136684;66317;54131;46224;37104;0;0;9992;18127;5516;15085;6717;8340;0;0;0;411;1286;1079;0;591;0;912;0;105;0;0;0;405;0;38;0;0;0;47;0;157;0;0;0;0;0;0;0;61;0;0;0;91;0;0;0;0;0;0;0;0;0;0;0;0;0;0;404
95;Nordrhein-Westfalen;Köln II;215119;173952;965;491;172987;173461;75703;57525;59855;50944;0;0;17238;28785;13225;24935;6079;8338;0;0;0;247;887;601;0;590;0;799;0;87;0;0;0;312;0;45;0;0;0;43;0;105;0;0;0;0;0;0;0;44;0;0;0;61;0;0;0;0;0;0;0;0;0;0;0;0;0;0;0
96;Nordrhein-Westfalen;Köln III;192045;142475;750;545;141725;141930;71575;57935;43054;35646;0;0;13196;21883;5569;13712;6809;8809;0;0;0;578;1233;973;0;602;0;892;0;121;0;0;0;402;0;48;0;0;0;44;0;148;0;0;0;0;0;0;0;50;0;0;0;87;0;0;0;0;0;0;289;0;0;0;0;0;0;0;0
97;Nordrhein-Westfalen;Bonn;212584;172806;2385;2040;170421;170766;71537;54523;67381;59241;0;0;10505;22776;14841;23429;5125;7589;0;0;0;221;1032;823;0;647;0;579;0;190;0;0;0;447;0;37;0;0;0;73;0;119;0;0;0;0;0;0;0;33;0;0;0;39;0;0;0;0;0;0;0;0;0;0;0;0;0;0;0
98;Nordrhein-Westfalen;Rhein-Sieg-Kreis I;226476;179685;1993;1722;177692;177963;73513;61692;80894;67060;0;0;7311;14605;7780;21733;5615;7670;0;0;0;300;1580;1574;0;870;0;622;0;380;0;0;0;669;0;39;0;0;0;83;999;582;0;0;0;0;0;0;0;34;0;0;0;50;0;0;0;0;0;0;0;0;0;0;0;0;0;0;0
99;Nordrhein-Westfalen;Rhein-Sieg-Kreis II;209093;171115;1674;1361;169441;169754;59838;51802;87736;69678;0;0;7708;13843;8063;24947;4492;5867;0;0;0;232;1130;1099;0;675;0;483;0;304;0;0;0;468;0;32;0;0;0;49;474;197;0;0;0;0;0;0;0;29;0;0;0;49;0;0;0;0;0;0;0;0;0;0;0;0;0;0;0
100;Nordrhein-Westfalen;Oberbergischer Kreis;212632;165042;2590;2544;162452;162498;62195;55537;79789;64751;0;0;6129;10891;6743;18849;5736;7232;0;0;0;484;1509;1401;0;898;0;554;0;698;0;0;0;854;0;27;0;0;0;53;0;149;0;0;0;0;0;0;0;38;0;0;0;82;0;0;0;0;0;0;0;0;0;0;0;0;0;0;351
101;Nordrhein-Westfalen;Rheinisch-Bergischer Kreis;213615;177035;1861;1800;175174;175235;65495;58867;86290;64757;0;0;8735;15421;7881;24683;5358;7180;0;0;0;358;1415;1109;0;879;0;704;0;272;0;0;0;678;0;66;0;0;0;42;0;125;0;0;0;0;0;0;0;48;0;0;0;46;0;0;0;0;0;0;0;0;0;0;0;0;0;0;0
102;Nordrhein-Westfalen;Leverkusen - Köln IV;213112;161257;1704;1471;159553;159786;78235;66721;57271;47453;0;0;8425;15856;6248;16015;7050;8856;0;0;0;522;1689;1430;0;716;0;887;0;145;0;0;0;661;0;50;0;0;0;46;0;169;0;0;0;0;0;0;280;170;0;0;0;89;0;0;0;0;0;0;355;0;0;0;0;0;0;0;0
103;Nordrhein-Westfalen;Wuppertal I;220640;166375;2526;2299;163849;164076;78426;66241;58192;47248;0;0;7720;15229;7008;17473;9454;11629;0;0;0;1186;2106;1542;0;943;0;1095;0;290;0;0;0;719;0;50;0;0;0;47;0;184;0;0;0;0;0;0;0;114;943;0;0;86;0;0;0;0;0;0;0;0;0;0;0;0;0;0;0
104;Nordrhein-Westfalen;Solingen - Remscheid - Wuppertal II;232219;179124;2601;2331;176523;176793;76358;67871;72385;58141;0;0;7600;12718;9506;22293;8336;10182;0;0;0;823;1963;1482;0;964;0;781;0;292;0;0;0;741;0;47;0;0;0;49;0;177;0;0;0;0;0;0;375;167;0;0;0;65;0;0;0;0;0;0;0;0;0;0;0;0;0;0;0
105;Nordrhein-Westfalen;Mettmann I;205589;165177;2105;1686;163072;163491;64699;58511;77187;61598;0;0;7034;11398;6879;20143;5753;7178;0;0;0;545;1520;1183;0;761;0;945;0;211;0;0;0;667;0;79;0;0;0;40;0;131;0;0;0;0;0;0;0;52;0;0;0;49;0;0;0;0;0;0;0;0;0;0;0;0;0;0;0
106;Nordrhein-Westfalen;Mettmann II;170221;135236;1476;1220;133760;134016;58157;51750;55728;47366;0;0;5188;8806;7120;15867;6321;6668;0;0;0;474;1246;885;0;597;0;632;0;161;0;0;0;487;0;27;0;0;0;46;0;129;0;0;0;0;0;0;0;61;0;0;0;60;0;0;0;0;0;0;0;0;0;0;0;0;0;0;0
107;Nordrhein-Westfalen;Düsseldorf I;215651;170004;1771;1519;168233;168485;68314;56672;74976;59644;0;0;8624;16217;8763;23983;6239;8180;0;0;0;480;1129;818;0;642;0;997;0;117;0;0;0;358;0;58;0;0;0;53;0;110;0;0;0;0;0;0;188;107;0;0;0;49;0;0;0;0;0;0;0;0;0;0;0;0;0;0;0
108;Nordrhein-Westfalen;Düsseldorf II;193401;146767;1881;1652;144886;145115;66555;56223;55982;46704;0;0;7483;13902;6324;15200;7070;8569;0;0;0;718;1215;874;0;741;0;1170;0;140;0;0;0;491;0;75;0;0;0;46;0;146;0;0;0;0;0;0;0;68;0;0;0;48;0;0;0;0;0;0;257;0;0;0;0;0;0;0;0
109;Nordrhein-Westfalen;Neuss I;212741;164493;1570;1476;162923;163017;65603;57537;77781;65763;0;0;5111;9806;5994;18411;5464;6484;0;0;0;550;1673;1392;0;786;0;648;0;101;0;0;0;635;0;44;0;0;1297;577;0;144;0;0;0;0;0;0;0;67;0;0;0;72;0;0;0;0;0;0;0;0;0;0;0;0;0;0;0
110;Nordrhein-Westfalen;Mönchengladbach;195069;141494;2170;1995;139324;139499;54170;48167;66715;54439;0;0;5308;8715;5711;16819;5870;7337;0;0;0;328;1550;1237;0;804;0;602;0;134;0;0;0;623;0;24;0;0;0;56;0;115;0;0;0;0;0;0;0;40;0;0;0;59;0;0;0;0;0;0;0;0;0;0;0;0;0;0;0
111;Nordrhein-Westfalen;Krefeld I - Neuss II;202982;161147;2218;2108;158929;159039;61414;53272;75258;61323;0;0;6994;11422;8050;21763;5569;6867;0;0;0;444;1202;1087;0;798;0;736;0;122;0;0;0;763;0;38;0;0;0;137;0;129;0;0;0;0;0;0;0;77;442;0;0;61;0;0;0;0;0;0;0;0;0;0;0;0;0;0;0
112;Nordrhein-Westfalen;Viersen;225763;177272;2478;2268;174794;175004;64985;58961;84058;69446;0;0;8065;11651;9520;22469;6568;7627;0;0;0;417;1598;1319;0;1033;0;663;0;182;0;0;0;847;0;41;0;0;0;95;0;132;0;0;0;0;0;0;0;48;0;0;0;73;0;0;0;0;0;0;0;0;0;0;0;0;0;0;0
113;Nordrhein-Westfalen;Kleve;223341;173899;2934;2448;170965;171451;63567;56710;85994;76189;0;0;6310;9545;8460;18331;5207;6540;0;0;0;320;1427;1272;0;871;0;485;0;117;0;0;0;725;0;47;0;0;0;51;0;119;0;0;0;0;0;0;0;39;0;0;0;90;0;0;0;0;0;0;0;0;0;0;0;0;0;0;0
114;Nordrhein-Westfalen;Wesel I;204858;164457;1975;1891;162482;162566;79615;72290;63622;53850;0;0;5884;10209;5716;14529;6301;7708;0;0;0;474;1344;1148;0;786;0;462;0;88;0;0;0;675;0;29;0;0;0;54;0;125;0;0;0;0;0;0;0;75;0;0;0;64;0;0;0;0;0;0;0;0;0;0;0;0;0;0;0
115;Nordrhein-Westfalen;Krefeld II - Wesel II;182775;142804;2077;1946;140727;140858;71413;61757;51285;43053;0;0;5168;10897;6006;14161;5564;7209;0;0;0;451;1291;994;0;721;0;602;0;134;0;0;0;545;0;23;0;0;0;43;0;117;0;0;0;0;0;0;0;91;0;0;0;60;0;0;0;0;0;0;0;0;0;0;0;0;0;0;0
116;Nordrhein-Westfalen;Duisburg I;188411;145909;2108;2256;143801;143653;80328;71746;41821;35040;0;0;5884;11955;3951;9644;8936;10468;0;0;0;645;1571;1222;0;825;0;688;0;102;0;0;1310;874;0;62;0;0;0;48;0;135;0;0;0;0;0;0;0;157;0;0;0;42;0;0;0;0;0;0;0;0;0;0;0;0;0;0;0
117;Nordrhein-Westfalen;Duisburg II;163423;116258;2088;2324;114170;113934;70299;62995;28066;24076;0;0;2942;6873;2625;6219;7621;8980;0;0;0;650;2246;1798;0;745;0;519;0;66;0;0;0;524;0;38;0;0;0;41;0;121;0;0;0;0;0;0;371;242;0;0;0;47;0;0;0;0;0;0;0;0;0;0;0;0;0;0;0
118;Nordrhein-Westfalen;Oberhausen - Wesel III;213983;166618;2328;2344;164290;164274;95580;88560;43411;38228;0;0;9668;11350;4344;10362;9108;10843;0;0;0;597;1905;1656;0;848;0;620;0;89;0;0;0;648;0;40;0;0;0;60;0;114;0;0;0;0;0;0;274;180;0;0;0;79;0;0;0;0;0;0;0;0;0;0;0;0;0;0;0
119;Nordrhein-Westfalen;Mülheim - Essen I;197688;157290;1827;1816;155463;155474;81810;74069;51021;42744;0;0;6385;11676;5149;12595;7918;9801;0;0;0;512;1326;1174;0;706;0;554;0;150;0;0;1477;1033;0;38;0;0;0;38;0;113;0;0;0;0;0;0;377;230;0;0;0;41;0;0;0;0;0;0;0;0;0;0;0;0;0;0;0
120;Nordrhein-Westfalen;Essen II;174161;126509;2075;1783;124434;124726;72664;64278;34099;29742;0;0;4186;8787;3692;7848;7603;9238;0;0;0;853;1862;1366;0;795;0;616;0;91;0;0;0;576;0;44;0;0;0;47;0;189;0;0;0;0;0;0;328;204;0;0;0;52;0;0;0;0;0;0;0;0;0;0;0;0;0;0;0
121;Nordrhein-Westfalen;Essen III;200447;163555;1923;1634;161632;161921;77708;67967;60530;50018;0;0;8987;15714;5365;15235;7373;9089;0;0;0;472;1209;916;0;826;0;612;0;145;0;0;0;471;0;53;0;0;0;85;0;142;0;0;0;0;0;0;0;122;460;0;0;54;0;0;0;0;0;0;0;0;0;0;0;0;0;0;0
122;Nordrhein-Westfalen;Recklinghausen I;176449;136212;1992;1643;134220;134569;74750;68262;41620;38227;0;0;4094;7621;4859;8276;7285;8411;0;0;0;488;1612;1224;0;605;0;449;0;97;0;0;0;529;0;38;0;0;0;30;0;127;0;0;0;0;0;0;0;120;0;0;0;65;0;0;0;0;0;0;0;0;0;0;0;0;0;0;0
123;Nordrhein-Westfalen;Recklinghausen II;196107;154197;1539;1268;152658;152929;83905;78600;49192;43864;0;0;5608;8303;4654;9589;7397;8479;0;0;0;496;1627;1318;0;704;0;426;0;177;0;0;0;514;0;24;0;0;0;43;0;153;0;0;0;0;0;0;275;175;0;0;0;64;0;0;0;0;0;0;0;0;0;0;0;0;0;0;0
124;Nordrhein-Westfalen;Gelsenkirchen;193519;142477;2298;1967;140179;140510;83649;75529;37012;32603;0;0;3733;8017;3467;7688;9496;11087;0;0;0;1031;2206;1640;0;748;0;644;0;189;0;0;0;549;0;39;0;0;0;51;0;106;0;0;0;0;0;0;616;515;0;0;0;74;0;0;0;0;0;0;0;0;0;0;0;0;0;0;0
125;Nordrhein-Westfalen;Steinfurt I - Borken I;196748;155261;1739;1712;153522;153549;58301;53336;78554;68221;0;0;5028;8483;5752;14878;4424;5498;0;0;0;298;1075;892;0;537;0;356;388;215;0;0;0;525;0;30;0;0;0;100;0;104;0;0;0;0;0;0;0;25;0;0;0;51;0;0;0;0;0;0;0;0;0;0;0;0;0;0;0
126;Nordrhein-Westfalen;Bottrop - Recklinghausen III;209649;166096;2102;2146;163994;163950;91918;82681;51512;46084;0;0;4245;9180;4168;10691;8348;10443;0;0;0;707;1678;1297;1801;1167;0;460;0;140;0;0;0;637;0;29;0;0;0;53;0;112;0;0;0;0;0;0;214;183;0;0;0;86;0;0;0;0;0;0;0;0;0;0;0;0;0;0;110
127;Nordrhein-Westfalen;Borken II;191988;157139;1535;1557;155604;155582;50880;46950;87251;77380;0;0;6070;7991;6232;15517;4386;4877;0;0;0;273;785;789;0;533;0;322;0;99;0;0;0;625;0;21;0;0;0;63;0;87;0;0;0;0;0;0;0;23;0;0;0;32;0;0;0;0;0;0;0;0;0;0;0;0;0;0;0
128;Nordrhein-Westfalen;Coesfeld - Steinfurt II;185527;154087;1674;1480;152413;152607;55269;48019;78626;68520;0;0;6224;10865;6988;16758;4387;5381;0;0;0;307;919;777;0;591;0;394;0;75;0;0;0;660;0;17;0;0;0;63;0;111;0;0;0;0;0;0;0;20;0;0;0;49;0;0;0;0;0;0;0;0;0;0;0;0;0;0;0
129;Nordrhein-Westfalen;Steinfurt III;189035;153522;1884;1906;151638;151616;70456;62649;64892;55583;0;0;4760;9813;5814;14664;4588;5766;0;0;0;290;1128;1024;0;523;0;381;0;124;0;0;0;570;0;11;0;0;0;47;0;106;0;0;0;0;0;0;0;28;0;0;0;37;0;0;0;0;0;0;0;0;0;0;0;0;0;0;0
130;Nordrhein-Westfalen;Münster;204797;169999;1808;1490;168191;168509;70175;59463;69638;59935;0;0;14169;22570;8666;17357;4381;6738;0;0;0;198;690;585;0;438;0;457;0;79;0;0;0;409;0;26;0;0;0;85;0;92;0;0;0;0;0;0;0;41;0;0;0;36;0;0;0;0;0;0;0;0;0;0;0;0;0;0;472
131;Nordrhein-Westfalen;Warendorf;209515;169657;2227;2479;167430;167178;63717;58675;84140;70698;0;0;6619;10103;6324;17695;5301;6489;0;0;0;384;1329;1102;0;564;0;374;0;126;0;0;0;700;0;24;0;0;0;66;0;112;0;0;0;0;0;0;0;28;0;0;0;38;0;0;0;0;0;0;0;0;0;0;0;0;0;0;0
132;Nordrhein-Westfalen;Gütersloh;228920;181941;2735;2332;179206;179609;69739;62042;87555;75313;0;0;7422;11909;8125;18364;6365;7270;0;0;0;634;0;1228;0;693;0;465;0;424;0;0;0;886;0;28;0;0;0;50;0;201;0;0;0;0;0;0;0;37;0;0;0;65;0;0;0;0;0;0;0;0;0;0;0;0;0;0;0
133;Nordrhein-Westfalen;Bielefeld;247826;198212;2868;2842;195344;195370;92287;76549;73853;62089;0;0;12742;23358;5253;16643;8281;11648;0;0;0;374;1563;1365;0;827;0;586;860;763;0;0;0;688;0;41;0;0;0;44;0;232;0;0;0;0;0;0;0;81;0;0;0;82;0;0;0;0;0;0;0;0;0;0;0;0;0;0;505
134;Nordrhein-Westfalen;Herford - Minden-Lübbecke II;233966;183164;2473;2353;180691;180811;85908;73666;74103;63671;0;0;5319;12003;6476;17147;6894;9056;0;0;0;661;1991;1523;0;817;0;440;0;659;0;0;0;769;0;39;0;0;0;32;0;210;0;0;0;0;0;0;0;50;0;0;0;68;0;0;0;0;0;0;0;0;0;0;0;0;0;0;0
135;Nordrhein-Westfalen;Minden-Lübbecke I;209727;163935;2583;2827;161352;161108;76641;66133;65858;56134;0;0;4071;10054;5845;15449;5774;7875;0;0;0;743;1666;1274;0;615;0;347;0;1212;0;0;1497;966;0;33;0;0;0;27;0;152;0;0;0;0;0;0;0;27;0;0;0;67;0;0;0;0;0;0;0;0;0;0;0;0;0;0;0
136;Nordrhein-Westfalen;Lippe I;175671;141032;2156;2094;138876;138938;66665;59814;53607;45987;0;0;4990;9016;6165;13358;4800;6183;0;0;0;446;1331;1137;0;577;0;279;1318;1339;0;0;0;536;0;32;0;0;0;21;0;134;0;0;0;0;0;0;0;22;0;0;0;57;0;0;0;0;0;0;0;0;0;0;0;0;0;0;0
137;Nordrhein-Westfalen;Höxter - Lippe II;218164;173748;3197;3048;170551;170700;63922;57815;83914;71732;0;0;6066;10196;6648;18446;5403;6974;0;0;0;438;1612;1402;0;607;0;317;879;986;0;0;2107;1405;0;28;0;0;0;69;0;187;0;0;0;0;0;0;0;38;0;0;0;60;0;0;0;0;0;0;0;0;0;0;0;0;0;0;0
138;Nordrhein-Westfalen;Paderborn;237651;187143;2789;3002;184354;184141;57815;50815;101231;91872;0;0;7278;10487;8137;18595;5944;6818;0;0;0;485;1695;1464;0;626;0;363;0;722;0;0;2254;1512;0;29;0;0;0;68;0;166;0;0;0;0;0;0;0;49;0;0;0;70;0;0;0;0;0;0;0;0;0;0;0;0;0;0;0
139;Nordrhein-Westfalen;Hagen - Ennepe-Ruhr-Kreis I;222204;170222;2524;2218;167698;168004;87664;76987;58191;50197;0;0;4757;10802;5944;14381;6837;9701;0;0;0;903;2129;1687;1988;1414;0;552;0;284;0;0;0;650;0;31;0;0;0;46;0;147;0;0;0;0;0;0;188;152;0;0;0;70;0;0;0;0;0;0;0;0;0;0;0;0;0;0;0
140;Nordrhein-Westfalen;Ennepe-Ruhr-Kreis II;185393;148698;1910;1815;146788;146883;76854;69311;45344;38740;0;0;7166;12531;7502;13426;6506;8641;0;0;0;345;1338;1086;1858;1217;0;452;0;180;0;0;0;552;0;24;0;0;0;25;0;102;0;0;0;0;0;0;220;190;0;0;0;61;0;0;0;0;0;0;0;0;0;0;0;0;0;0;0
141;Nordrhein-Westfalen;Bochum I;217794;172973;2315;2227;170658;170746;94985;83998;51120;42992;0;0;8786;15809;4071;11304;9497;11873;0;0;0;400;1883;1548;0;937;0;633;0;139;0;0;0;614;0;62;0;0;0;31;0;153;0;0;0;0;0;0;316;204;0;0;0;49;0;0;0;0;0;0;0;0;0;0;0;0;0;0;0
142;Nordrhein-Westfalen;Herne - Bochum II;192599;147020;2348;2383;144672;144637;85964;78062;37096;32499;0;0;5058;9369;3487;7852;9738;11279;0;0;1558;1368;1503;1399;0;903;0;563;0;174;0;0;0;631;0;38;0;0;0;42;0;141;0;0;0;0;0;0;268;245;0;0;0;72;0;0;0;0;0;0;0;0;0;0;0;0;0;0;0
143;Nordrhein-Westfalen;Dortmund I;214994;163470;6744;6511;156726;156959;88227;75717;45968;39208;0;0;8020;16084;4728;12169;7616;9929;0;0;0;445;1520;1275;0;587;0;543;0;98;0;0;0;379;0;58;0;0;0;52;0;99;0;0;0;0;0;0;335;233;0;0;0;83;0;0;0;0;0;0;0;0;0;0;0;0;0;0;312
144;Nordrhein-Westfalen;Dortmund II;211796;158010;5694;5473;152316;152537;88135;77452;44293;37827;0;0;6088;12555;3907;10869;8271;9954;0;0;0;544;1622;1251;0;559;0;530;0;87;0;0;0;421;0;66;0;0;0;43;0;119;0;0;0;0;0;0;0;149;0;0;0;111;0;0;0;0;0;0;0;0;0;0;0;0;0;0;0
145;Nordrhein-Westfalen;Unna I;204227;163816;2365;2043;161451;161773;88471;81333;51073;43052;0;0;7934;11567;4957;12580;7076;8786;0;0;0;501;1940;1542;0;798;0;472;0;108;0;0;0;638;0;42;0;0;0;40;0;181;0;0;0;0;0;0;0;74;0;0;0;59;0;0;0;0;0;0;0;0;0;0;0;0;0;0;0
146;Nordrhein-Westfalen;Hamm - Unna II;241232;185247;3139;2653;182108;182594;100141;87460;59652;56557;0;0;4195;9941;8038;13752;7690;9847;0;0;0;722;2026;1705;0;864;0;457;0;173;0;0;0;758;0;32;0;0;0;49;0;136;0;0;0;0;0;0;0;66;366;0;0;75;0;0;0;0;0;0;0;0;0;0;0;0;0;0;0
147;Nordrhein-Westfalen;Soest;230957;180932;2830;2458;178102;178474;73123;66889;82445;69766;0;0;5946;10428;8518;18826;6536;7940;0;0;0;633;1534;1282;0;766;0;530;0;212;0;0;0;801;0;50;0;0;0;86;0;161;0;0;0;0;0;0;0;29;0;0;0;75;0;0;0;0;0;0;0;0;0;0;0;0;0;0;0
148;Nordrhein-Westfalen;Hochsauerlandkreis;210773;167361;2851;4302;164510;163059;56141;54867;94975;76009;0;0;3341;6657;4006;15734;4802;5864;0;0;0;605;1245;1054;0;649;0;355;0;144;0;0;0;750;0;42;0;0;0;86;0;144;0;0;0;0;0;0;0;37;0;0;0;62;0;0;0;0;0;0;0;0;0;0;0;0;0;0;0
149;Nordrhein-Westfalen;Siegen-Wittgenstein;219343;171326;2127;2066;169199;169260;73703;66083;70260;61957;0;0;6097;9757;8240;15996;6415;8830;0;0;1462;1367;1328;1270;1694;1013;0;448;0;1424;0;0;0;694;0;65;0;0;0;59;0;206;0;0;0;0;0;0;0;37;0;0;0;54;0;0;0;0;0;0;0;0;0;0;0;0;0;0;0
150;Nordrhein-Westfalen;Olpe - Märkischer Kreis I;215002;166389;2464;2196;163925;164193;61628;56319;83289;70002;0;0;4665;8047;6322;17658;6198;7210;0;0;0;805;1823;1414;0;774;0;441;0;402;0;0;0;700;0;25;0;0;0;61;0;210;0;0;0;0;0;0;0;60;0;0;0;65;0;0;0;0;0;0;0;0;0;0;0;0;0;0;0
151;Nordrhein-Westfalen;Märkischer Kreis II;213340;163134;2403;2085;160731;161049;76312;64123;66020;59238;0;0;3387;8370;6038;15321;6617;8360;0;0;0;886;2357;1879;0;898;0;469;0;339;0;0;0;729;0;49;0;0;0;73;0;206;0;0;0;0;0;0;0;39;0;0;0;70;0;0;0;0;0;0;0;0;0;0;0;0;0;0;0
905;Nordrhein-Westfalen;Land;13257047;10385230;150235;139199;10234995;10246031;4658692;4096112;4161570;3524351;0;0;433372;782551;422724;1024924;425709;529967;0;0;3020;35390;97166;80512;7341;49549;0;37135;3445;16957;0;0;8645;42421;0;2607;0;0;1297;4010;1473;9643;0;0;0;0;0;0;4625;5815;2211;0;0;4087;0;0;0;0;0;0;901;0;0;0;0;0;0;0;2804

152;Sachsen;Nordsachsen;183579;136545;2655;2645;133890;133900;35561;34178;49485;41460;0;0;2958;4590;6882;11924;30722;32415;0;0;0;525;6682;6542;0;0;0;0;0;271;0;0;0;0;1083;640;0;0;0;0;0;0;0;869;0;0;0;0;0;174;0;0;0;312;0;0;0;0;0;0;0;0;0;0;0;0;0;0;517
153;Sachsen;Leipzig I;197046;145292;1924;1901;143368;143391;47265;45850;42028;37002;0;0;5658;9433;7500;11601;34219;32298;0;0;0;376;4294;4234;0;0;0;0;0;357;0;0;0;0;880;760;0;0;0;0;0;0;0;917;0;0;0;0;0;176;0;0;0;387;0;0;0;0;379;0;0;0;0;0;0;0;0;0;1145
154;Sachsen;Leipzig II;202762;152886;2205;1948;150681;150938;53181;49115;38545;35098;0;0;10787;15038;7141;11512;33881;33969;0;0;0;283;3502;3305;0;0;0;0;0;353;0;0;0;0;1135;724;0;0;0;0;0;0;0;942;1026;0;0;0;0;234;0;0;0;365;0;0;0;0;373;0;0;0;0;0;0;0;0;0;1110
155;Sachsen;Leipzig-Land;235291;178722;3223;3160;175499;175562;51962;46534;61178;54180;0;0;4025;7115;9710;16160;37850;39813;0;0;0;561;7966;7681;0;0;0;0;0;594;0;0;0;0;1366;861;0;0;0;0;0;0;0;1327;0;0;0;0;0;217;0;0;0;519;0;0;0;0;0;0;0;0;0;0;0;0;0;0;1442
156;Sachsen;Meißen;221971;170350;3401;3408;166949;166942;36919;36802;62840;53392;0;0;6669;7530;11629;17816;34857;36352;0;0;0;474;11199;10757;0;0;0;0;0;532;0;0;0;0;2190;1228;0;0;0;0;0;0;0;1379;0;0;0;0;120;266;0;0;0;414;0;0;0;0;397;0;0;0;0;0;0;0;0;0;129
157;Sachsen;Bautzen I;247435;189284;4193;3869;185091;185415;39183;39007;68306;59910;0;0;5278;6008;15386;18267;43847;45286;0;0;0;836;12120;11348;0;0;0;0;0;984;0;0;0;0;971;836;0;0;0;0;0;0;0;1905;0;0;0;0;0;409;0;0;0;619;0;0;0;0;0;0;0;0;0;0;0;0;0;0;0
158;Sachsen;Görlitz;250038;185596;4264;4029;181332;181567;34644;38088;67930;58160;0;0;6937;6704;12120;16675;44838;44581;0;0;0;676;12148;10938;0;0;0;0;0;1042;0;0;0;0;2715;1562;0;0;0;0;0;0;0;2334;0;0;0;0;0;249;0;0;0;558;0;0;0;0;0;0;0;0;0;0;0;0;0;0;0
159;Sachsen;Sächsische Schweiz - Osterzgebirge;219769;170475;3347;3240;167128;167235;33172;33614;68426;58754;0;0;5798;6946;12042;18184;32651;33065;0;0;0;587;12966;11831;0;0;0;0;0;559;0;0;0;0;2073;1255;0;0;0;0;0;0;0;1748;0;0;0;0;0;230;0;0;0;462;0;0;0;0;0;0;0;0;0;0;0;0;0;0;0
160;Sachsen;Dresden I;219283;158437;1829;1856;156608;156581;50320;43730;57931;38208;0;0;6158;11113;7367;26041;30117;30914;0;0;0;196;3776;4011;0;0;0;0;0;435;0;0;0;0;939;695;0;0;0;0;0;0;0;895;0;0;0;0;0;147;0;0;0;196;0;0;0;0;0;0;0;0;0;0;0;0;0;0;0
161;Sachsen;Dresden II - Bautzen II;219691;169981;2734;2545;167247;167436;42670;41028;57180;48290;0;0;12601;15323;12521;18300;32050;33169;0;0;0;458;7214;6777;0;0;0;0;0;660;0;0;0;0;1981;1160;0;0;0;0;0;0;0;1483;0;0;0;0;524;390;0;0;0;398;0;0;0;0;506;0;0;0;0;0;0;0;0;0;0
162;Sachsen;Mittelsachsen;230350;176042;3541;3445;172501;172597;36727;37333;66965;56768;0;0;3992;5595;14380;18646;37394;39565;0;0;0;779;10081;9864;0;0;0;0;0;742;0;0;0;0;1510;1028;0;0;0;0;0;0;0;1549;0;0;0;0;0;197;0;0;0;531;0;0;0;0;0;0;0;0;523;0;0;0;929;0;0
163;Sachsen;Chemnitz;207889;158095;2439;2238;155656;155857;44240;41587;43711;37904;0;0;5882;8574;10781;15284;41369;41092;0;0;3093;2641;4582;5018;0;0;0;0;0;858;0;0;0;0;1998;1063;0;0;0;0;0;0;0;1361;0;0;0;0;0;224;0;0;0;251;0;0;0;0;0;0;0;0;0;0;0;0;0;0;0
164;Sachsen;Chemnitzer Umland - Erzgebirgskreis II;209048;161299;3218;2925;158081;158374;37869;37445;61734;51004;0;0;3611;5394;9548;15555;34999;35881;0;0;1540;1571;8198;7781;0;0;0;0;0;1479;0;0;0;0;582;577;0;0;0;0;0;0;0;1172;0;0;0;0;0;175;0;0;0;340;0;0;0;0;0;0;0;0;0;0;0;0;0;0;0
165;Sachsen;Erzgebirgskreis I;258186;198368;4182;4143;194186;194225;36910;39330;74778;64971;0;0;3799;5183;19446;20697;40790;43834;0;0;0;930;12769;12427;0;0;0;0;3293;3752;0;0;0;0;1700;1065;0;0;0;0;0;0;0;1306;0;0;0;0;0;222;0;0;0;508;0;0;0;0;0;0;0;0;116;0;0;0;585;0;0
166;Sachsen;Zwickau;237289;177857;3432;3283;174425;174574;44886;45066;60281;51120;0;0;4290;6082;9751;16173;44680;43997;0;0;1267;1237;6413;6630;0;0;0;0;1563;1830;0;0;0;0;1294;838;0;0;0;0;0;0;0;1064;0;0;0;0;0;213;0;0;0;324;0;0;0;0;0;0;0;0;0;0;0;0;0;0;0
167;Sachsen;Vogtlandkreis;221730;166303;2898;2833;163405;163470;41200;41100;58988;49095;0;0;5684;6222;10685;16788;36462;37593;0;0;0;982;7808;7557;0;0;0;0;2578;2101;0;0;0;0;0;349;0;0;0;0;0;0;0;1099;0;0;0;0;0;219;0;0;0;365;0;0;0;0;0;0;0;0;0;0;0;0;0;0;0
914;Sachsen;Land;3561357;2695532;49485;47468;2646047;2648064;666709;649807;940306;795316;0;0;94127;126850;176889;269623;590726;603824;0;0;5900;13112;131718;126701;0;0;0;0;7434;16549;0;0;0;0;22417;14641;0;0;0;0;0;0;0;21350;1026;0;0;0;644;3742;0;0;0;6549;0;0;0;0;1655;0;0;0;639;0;0;0;1514;0;4343

168;Hessen;Waldeck;194361;154436;4050;3834;150386;150602;75533;66483;51807;45491;0;0;6734;11268;7112;14714;7104;8137;0;0;0;873;2096;1706;0;999;0;627;0;0;0;0;0;0;0;91;0;0;0;0;0;0;0;0;0;0;0;0;0;83;0;0;0;130;0;0;0;0;0;0;0;0;0;0;0;0;0;0;0
169;Hessen;Kassel;220889;173306;4899;4353;168407;168953;85117;74140;51470;44773;0;0;13119;20086;6619;13884;9718;11414;0;0;0;760;1884;1519;0;1028;0;871;0;0;0;0;0;0;0;98;0;0;0;0;0;0;0;0;0;0;0;0;480;257;0;0;0;123;0;0;0;0;0;0;0;0;0;0;0;0;0;0;0
170;Hessen;Werra-Meißner - Hersfeld-Rotenburg;188904;149474;3958;3880;145516;145594;75269;65876;49882;43457;0;0;4283;9804;5699;12750;6514;8622;0;0;0;888;2402;2234;0;1000;0;515;0;0;0;0;0;0;0;164;0;0;0;0;0;0;0;0;0;0;0;0;0;67;0;0;0;217;0;0;0;0;0;0;0;0;0;0;0;0;1467;0;0
171;Hessen;Schwalm-Eder;196524;156803;5175;4920;151628;151883;76040;68359;51474;43426;0;0;6776;10953;7328;14995;7402;8738;0;0;0;1183;2608;2237;0;1110;0;532;0;0;0;0;0;0;0;109;0;0;0;0;0;0;0;0;0;0;0;0;0;82;0;0;0;159;0;0;0;0;0;0;0;0;0;0;0;0;0;0;0
172;Hessen;Marburg;183984;143978;2778;2620;141200;141358;67136;54957;51653;45080;0;0;5685;14231;5423;13246;6826;8758;0;0;1858;1807;1517;1560;0;924;0;485;0;0;0;0;0;0;0;139;0;0;0;0;0;0;0;0;0;0;0;0;0;43;0;0;0;128;0;0;0;0;0;0;0;0;0;0;0;0;0;0;1102
173;Hessen;Lahn-Dill;212485;160766;3638;3678;157128;157088;66250;58583;63801;54175;0;0;6959;11793;7130;16852;7321;9014;0;0;0;1378;3648;3053;0;1296;0;555;2019;0;0;0;0;0;0;123;0;0;0;0;0;0;0;0;0;0;0;0;0;51;0;0;0;215;0;0;0;0;0;0;0;0;0;0;0;0;0;0;0
174;Hessen;Gießen;225883;174567;4174;4090;170393;170477;73793;62080;64468;54529;0;0;8976;17023;12205;21076;8081;9887;0;0;0;1357;2870;2269;0;1327;0;565;0;0;0;0;0;0;0;128;0;0;0;0;0;0;0;0;0;0;0;0;0;65;0;0;0;171;0;0;0;0;0;0;0;0;0;0;0;0;0;0;0
175;Hessen;Fulda;238580;188829;4624;7209;184205;181620;54765;55453;72048;78943;0;0;5238;11041;5653;19172;4989;8815;0;0;0;2524;1967;2778;0;1503;0;875;0;0;0;0;0;0;0;202;0;0;0;0;0;0;0;0;0;0;0;0;0;88;0;0;0;226;0;0;0;0;0;0;0;0;0;0;0;0;0;0;39545
176;Hessen;Hochtaunus;181959;148635;2886;2596;145749;146039;51838;43215;65756;54583;0;0;7409;14373;13207;22741;5614;6655;0;0;0;1091;1925;1370;0;1091;0;655;0;0;0;0;0;0;0;107;0;0;0;0;0;0;0;0;0;0;0;0;0;42;0;0;0;116;0;0;0;0;0;0;0;0;0;0;0;0;0;0;0
177;Hessen;Wetterau;242940;191145;4468;4524;186677;186621;80828;64729;78156;64594;0;0;7251;17051;7788;23215;7439;9267;0;0;0;1221;4176;3695;0;1566;0;797;0;0;0;0;0;0;0;172;0;0;0;0;0;0;0;0;0;0;0;0;0;83;0;0;0;231;0;0;0;0;0;0;0;0;0;0;0;0;0;0;1039
178;Hessen;Rheingau-Taunus - Limburg;220619;175769;4154;3505;171615;172264;62690;54870;81513;68569;0;0;8924;15110;9347;21553;5502;7013;0;0;0;1060;2256;1737;0;1319;0;661;0;0;0;0;0;0;0;167;0;0;0;0;0;0;0;0;0;0;0;0;0;45;0;0;0;160;0;0;0;0;0;0;0;0;0;0;0;0;0;0;1383
179;Hessen;Wiesbaden;186409;140838;2616;2417;138222;138421;60916;45173;56861;44485;0;0;6395;18431;6005;18441;5473;7127;0;0;0;1439;1919;1283;0;933;0;716;0;0;0;0;0;0;653;270;0;0;0;0;0;0;0;0;0;0;0;0;0;36;0;0;0;87;0;0;0;0;0;0;0;0;0;0;0;0;0;0;0
180;Hessen;Hanau;239412;188752;4642;4456;184110;184296;79621;63392;77996;64688;0;0;6938;16816;7767;21477;8420;10063;0;0;0;2139;3368;2378;0;1995;0;910;0;0;0;0;0;0;0;200;0;0;0;0;0;0;0;0;0;0;0;0;0;61;0;0;0;177;0;0;0;0;0;0;0;0;0;0;0;0;0;0;0
181;Hessen;Main-Taunus;193679;161332;2967;2581;158365;158751;50418;43337;80848;63644;0;0;11988;15828;8411;26019;4806;5736;0;0;0;958;1894;1198;0;1061;0;710;0;0;0;0;0;0;0;114;0;0;0;0;0;0;0;0;0;0;0;0;0;35;0;0;0;111;0;0;0;0;0;0;0;0;0;0;0;0;0;0;0
182;Hessen;Frankfurt am Main I;183183;135863;3059;2502;132804;133361;52850;41413;49510;39377;0;0;12650;20739;7603;17205;7783;9357;0;0;0;1044;2408;1636;0;1328;0;938;0;0;0;0;0;0;0;121;0;0;0;0;0;0;0;0;0;0;0;0;0;108;0;0;0;95;0;0;0;0;0;0;0;0;0;0;0;0;0;0;0
183;Hessen;Frankfurt am Main II;203726;157455;3192;2607;154263;154848;52063;46265;57539;45133;0;0;28925;27117;6591;21432;7188;10029;0;0;0;913;1957;1395;0;1287;0;979;0;0;0;0;0;0;0;111;0;0;0;0;0;0;0;0;0;0;0;0;0;82;0;0;0;105;0;0;0;0;0;0;0;0;0;0;0;0;0;0;0
184;Hessen;Groß-Gerau;169776;135836;3240;3007;132596;132829;62419;52132;48321;40054;0;0;8100;14261;4957;14182;5736;6824;0;0;0;1440;2475;1760;0;1155;0;650;588;0;0;0;0;0;0;109;0;0;0;0;0;0;0;0;0;0;0;0;0;91;0;0;0;171;0;0;0;0;0;0;0;0;0;0;0;0;0;0;0
185;Hessen;Offenbach;220625;170268;3953;3379;166315;166889;66517;53436;72653;60127;0;0;9325;18135;7990;20946;7193;8578;0;0;0;1275;2637;1848;0;1364;0;844;0;0;0;0;0;0;0;128;0;0;0;0;0;0;0;0;0;0;0;0;0;65;0;0;0;143;0;0;0;0;0;0;0;0;0;0;0;0;0;0;0
186;Hessen;Darmstadt;229735;183416;4169;3641;179247;179775;80289;65693;67498;54617;0;0;14557;25435;6584;19442;6955;9452;0;0;0;936;2039;1587;0;1375;0;757;966;0;0;0;0;0;0;119;0;0;0;0;0;0;0;0;0;0;0;0;359;196;0;0;0;166;0;0;0;0;0;0;0;0;0;0;0;0;0;0;0
187;Hessen;Odenwald;234100;187764;4950;4742;182814;183022;76617;63338;76696;65039;0;0;8882;17382;9421;21458;7275;8810;0;0;0;1867;2912;2176;0;1668;0;851;0;0;0;0;0;0;0;160;0;0;0;0;0;0;0;0;0;0;0;0;0;80;0;0;0;193;0;0;1011;0;0;0;0;0;0;0;0;0;0;0;0
188;Hessen;Bergstraße;199215;158094;2948;2869;155146;155225;64837;54838;68835;56712;0;0;5946;13411;5953;17323;5177;6617;0;0;0;1773;2541;1961;0;1457;0;720;0;0;0;0;1857;0;0;126;0;0;0;0;0;0;0;0;0;0;0;0;0;65;0;0;0;222;0;0;0;0;0;0;0;0;0;0;0;0;0;0;0
906;Hessen;Land;4366988;3437326;80540;77410;3356786;3359916;1415806;1197762;1338785;1131496;0;0;195060;340288;158793;392123;142516;178913;0;0;1858;27926;51499;41380;0;26786;0;15213;3573;0;0;0;1857;0;653;2958;0;0;0;0;0;0;0;0;0;0;0;0;839;1725;0;0;0;3346;0;0;1011;0;0;0;0;0;0;0;0;0;1467;0;43069

189;Thüringen;Eichsfeld - Nordhausen - Unstrut-Hainich-Kreis I;208484;158345;3123;2769;155222;155576;46127;44045;57982;50360;0;0;3824;6121;7455;13068;32141;34797;0;0;0;750;5134;4950;0;0;0;1082;0;0;0;0;2559;0;0;0;0;0;0;0;0;0;0;0;0;0;0;0;0;403;0;0;0;0;0;0;0;0;0;0;0;0;0;0;0;0;0;0;0
190;Thüringen;Eisenach - Wartburgkreis - Unstrut-Hainich-Kreis II;206854;155366;3206;2933;152160;152433;53696;47724;43695;40233;0;0;4412;6541;7301;11506;34133;37711;0;0;0;1051;6008;5727;0;0;0;1166;0;0;0;0;0;0;0;0;0;0;0;0;0;0;0;0;0;0;0;0;789;774;0;0;0;0;0;0;0;0;0;0;0;0;0;0;0;0;0;0;2126
191;Thüringen;Kyffhäuserkreis - Sömmerda - Weimarer Land I;207463;155082;3661;3274;151421;151808;44638;43332;46738;40334;0;0;4391;6037;7596;12115;41234;40688;0;0;0;1274;6824;6187;0;0;0;1340;0;0;0;0;0;0;0;0;0;0;0;0;0;0;0;0;0;0;0;0;0;501;0;0;0;0;0;0;0;0;0;0;0;0;0;0;0;0;0;0;0
192;Thüringen;Gotha - Ilm-Kreis;218863;165851;3619;3425;162232;162426;60384;50019;47115;42966;0;0;4171;7170;7598;12399;34761;40120;0;0;0;1096;7118;6296;0;0;0;1645;1085;0;0;0;0;0;0;0;0;0;0;0;0;0;0;0;0;0;0;0;0;715;0;0;0;0;0;0;0;0;0;0;0;0;0;0;0;0;0;0;0
193;Thüringen;Erfurt - Weimar - Weimarer Land II;223315;169272;3221;2732;166051;166540;52304;51375;45728;37749;0;0;12553;13638;6801;12638;43520;43048;0;0;0;1241;5145;4235;0;0;0;2080;0;0;0;0;0;0;0;0;0;0;0;0;0;0;0;0;0;0;0;0;0;536;0;0;0;0;0;0;0;0;0;0;0;0;0;0;0;0;0;0;0
194;Thüringen;Gera - Jena - Saale-Holzland-Kreis;248530;190472;3248;2949;187224;187523;59508;57984;45982;40230;0;0;9155;12396;10970;15366;55080;51886;0;0;0;1132;6529;5930;0;0;0;2064;0;0;0;0;0;0;0;0;0;0;0;0;0;0;0;0;0;0;0;0;0;535;0;0;0;0;0;0;0;0;0;0;0;0;0;0;0;0;0;0;0
195;Thüringen;Greiz - Altenburger Land;190763;144322;3159;2890;141163;141432;42586;39083;44714;37865;0;0;3661;5423;7289;12571;36507;37611;0;0;0;912;6406;6037;0;0;0;1469;0;0;0;0;0;0;0;0;0;0;0;0;0;0;0;0;0;0;0;0;0;461;0;0;0;0;0;0;0;0;0;0;0;0;0;0;0;0;0;0;0
196;Thüringen;Sonneberg - Saalfeld-Rudolstadt - Saale-Orla-Kreis;239958;181086;3614;3226;177472;177860;53561;52230;46818;44322;0;0;4687;6501;8850;13278;46099;49406;0;0;0;1254;8520;8164;0;0;0;1616;0;0;0;0;0;0;0;0;0;0;0;0;0;0;0;0;0;0;0;0;806;1089;0;0;0;0;0;0;0;0;0;0;0;0;0;0;0;0;0;0;8131
197;Thüringen;Suhl - Schmalkalden-Meiningen - Hildburghausen;213525;158033;3120;2854;154913;155179;47046;46986;41833;38376;0;0;4981;6149;8108;12068;44753;43073;0;0;0;1256;5780;5462;0;0;0;1155;0;0;0;0;2412;0;0;0;0;0;0;0;0;0;0;0;0;0;0;0;0;654;0;0;0;0;0;0;0;0;0;0;0;0;0;0;0;0;0;0;0
916;Thüringen;Land;1957755;1477829;29971;27052;1447858;1450777;459850;432778;420605;372435;0;0;51835;69976;71968;115009;368228;378340;0;0;0;9966;57464;52988;0;0;0;13617;1085;0;0;0;4971;0;0;0;0;0;0;0;0;0;0;0;0;0;0;0;1595;5668;0;0;0;0;0;0;0;0;0;0;0;0;0;0;0;0;0;0;10257

198;Rheinland-Pfalz;Neuwied;242693;190310;3365;3430;186945;186880;82753;66828;81308;72203;0;0;4324;11492;7492;20866;7276;9514;0;0;0;786;2042;1842;0;0;0;0;1750;1532;0;0;0;1689;0;0;0;0;0;0;0;0;0;0;0;0;0;0;0;128;0;0;0;0;0;0;0;0;0;0;0;0;0;0;0;0;0;0;0
199;Rheinland-Pfalz;Ahrweiler;193865;152517;3483;2633;149034;149884;53578;47636;73883;64612;0;0;5748;8962;8697;18276;5616;6786;0;0;0;565;1512;1266;0;0;0;0;0;416;0;0;0;1290;0;0;0;0;0;0;0;0;0;0;0;0;0;0;0;75;0;0;0;0;0;0;0;0;0;0;0;0;0;0;0;0;0;0;0
200;Rheinland-Pfalz;Koblenz;196029;152025;2585;2026;149440;149999;58645;52665;67876;57205;0;0;8120;11171;6888;17953;6287;7227;0;0;0;593;1624;1431;0;0;0;0;0;396;0;0;0;1272;0;0;0;0;0;0;0;0;0;0;0;0;0;0;0;86;0;0;0;0;0;0;0;0;0;0;0;0;0;0;0;0;0;0;0
201;Rheinland-Pfalz;Mosel/Rhein-Hunsrück;180870;143887;4343;3452;139544;140435;45617;42870;69904;59542;0;0;5633;7954;10584;19253;6133;6821;0;0;0;660;1673;1389;0;0;0;0;0;558;0;0;0;1322;0;0;0;0;0;0;0;0;0;0;0;0;0;0;0;66;0;0;0;0;0;0;0;0;0;0;0;0;0;0;0;0;0;0;0
202;Rheinland-Pfalz;Kreuznach;191864;147733;3522;3139;144211;144594;60167;55731;62007;48629;0;0;5603;9426;6531;17107;6734;8663;0;0;0;877;2332;2150;0;0;0;0;0;451;0;0;0;1480;0;0;0;0;0;0;0;0;0;0;0;0;0;0;0;80;0;0;0;0;0;0;0;0;0;0;0;0;0;0;0;0;0;0;837
203;Rheinland-Pfalz;Bitburg;169169;132623;3428;3043;129195;129580;47087;38928;63253;56908;0;0;4923;7442;7443;16636;4875;5968;0;0;0;577;1614;1396;0;0;0;0;0;230;0;0;0;1419;0;0;0;0;0;0;0;0;0;0;0;0;0;0;0;76;0;0;0;0;0;0;0;0;0;0;0;0;0;0;0;0;0;0;0
204;Rheinland-Pfalz;Trier;185437;143881;3725;3158;140156;140723;56943;50891;60422;50775;0;0;7863;12467;6210;14752;6141;8133;0;0;0;605;1561;1478;0;0;0;0;0;243;0;0;0;1297;0;0;0;0;0;0;0;0;0;0;0;0;0;0;0;82;0;0;0;0;0;0;0;0;0;0;0;0;0;0;0;0;0;0;1016
205;Rheinland-Pfalz;Montabaur;212396;167673;3727;3393;163946;164280;62825;55571;76418;63326;0;0;6245;10964;7497;20437;7094;8303;0;0;0;908;2486;2151;0;0;0;0;1381;959;0;0;0;1573;0;0;0;0;0;0;0;0;0;0;0;0;0;0;0;88;0;0;0;0;0;0;0;0;0;0;0;0;0;0;0;0;0;0;0
206;Rheinland-Pfalz;Mainz;244758;198652;3861;3178;194791;195474;79760;65285;76345;66416;0;0;11235;23409;16930;25213;7204;8964;0;0;0;2388;2382;1626;0;0;0;0;0;379;0;0;0;1669;0;0;0;0;0;0;0;0;0;0;0;0;0;0;0;125;0;0;0;0;0;0;0;0;0;0;0;0;0;0;0;0;0;0;935
207;Rheinland-Pfalz;Worms;198651;157641;3841;3327;153800;154314;70456;58541;57443;51561;0;0;5931;11188;9492;17740;7003;8176;0;0;0;1647;3475;3021;0;0;0;0;0;662;0;0;0;1678;0;0;0;0;0;0;0;0;0;0;0;0;0;0;0;100;0;0;0;0;0;0;0;0;0;0;0;0;0;0;0;0;0;0;0
208;Rheinland-Pfalz;Ludwigshafen/Frankenthal;216306;169870;4002;3722;165868;166148;71775;62072;65848;56038;0;0;5885;11585;7331;17301;7509;9624;0;0;4639;4578;2444;2417;0;0;0;0;0;438;0;0;0;1815;0;0;0;0;0;0;0;0;0;0;0;0;0;0;437;280;0;0;0;0;0;0;0;0;0;0;0;0;0;0;0;0;0;0;0
209;Rheinland-Pfalz;Neustadt - Speyer;219704;177506;4109;3629;173397;173877;66113;57534;77707;65254;0;0;8319;14211;7949;20259;6708;8447;0;0;3496;3522;1700;1723;0;0;0;0;1405;832;0;0;0;2007;0;0;0;0;0;0;0;0;0;0;0;0;0;0;0;88;0;0;0;0;0;0;0;0;0;0;0;0;0;0;0;0;0;0;0
210;Rheinland-Pfalz;Kaiserslautern;234939;179680;4905;4270;174775;175410;77325;68201;61781;51844;0;0;7596;12369;8687;18237;14464;15397;0;0;0;2176;4922;3971;0;0;0;0;0;544;0;0;0;2520;0;0;0;0;0;0;0;0;0;0;0;0;0;0;0;151;0;0;0;0;0;0;0;0;0;0;0;0;0;0;0;0;0;0;0
211;Rheinland-Pfalz;Pirmasens;187595;146241;5350;4411;140891;141830;51556;45927;59788;52408;0;0;4550;7226;8801;15082;11572;12199;0;0;0;3005;4624;3023;0;0;0;0;0;551;0;0;0;2307;0;0;0;0;0;0;0;0;0;0;0;0;0;0;0;102;0;0;0;0;0;0;0;0;0;0;0;0;0;0;0;0;0;0;0
212;Rheinland-Pfalz;Südpfalz;209895;167742;3873;3831;163869;163911;61710;53394;70851;60911;0;0;7794;13034;10276;19833;6413;7932;0;0;3418;3453;2090;2128;0;0;0;0;1317;835;0;0;0;2238;0;0;0;0;0;0;0;0;0;0;0;0;0;0;0;153;0;0;0;0;0;0;0;0;0;0;0;0;0;0;0;0;0;0;0
907;Rheinland-Pfalz;Land;3084171;2427981;58119;50642;2369862;2377339;946310;822074;1024834;877632;0;0;99769;172900;130808;278945;111029;132154;0;0;11553;26340;36481;31012;0;0;0;0;5853;9026;0;0;0;25576;0;0;0;0;0;0;0;0;0;0;0;0;0;0;437;1680;0;0;0;0;0;0;0;0;0;0;0;0;0;0;0;0;0;0;2788

213;Bayern;Altötting;166212;124868;1947;1586;122921;123282;25111;24770;0;0;79539;71871;6451;6894;5514;10413;3006;3328;0;0;0;1528;2280;1666;0;0;0;381;0;151;0;266;0;720;1020;271;0;971;0;0;0;0;0;0;0;0;0;0;0;52;0;0;0;0;0;0;0;0;0;0;0;0;0;0;0;0;0;0;0
214;Bayern;Erding - Ebersberg;179381;146284;2351;1322;143933;144962;35731;30981;0;0;83991;76249;10767;12844;7708;15256;3698;3947;0;0;0;1667;2038;1066;0;0;0;447;0;143;0;364;0;1014;0;82;0;858;0;0;0;0;0;0;0;0;0;0;0;44;0;0;0;0;0;0;0;0;0;0;0;0;0;0;0;0;0;0;0
215;Bayern;Freising;197541;157045;2279;1521;154766;155524;36283;34693;0;0;87477;80909;12064;12708;8665;15836;4473;4883;0;0;0;1255;2139;1687;0;0;0;459;0;225;0;375;0;1019;0;83;3665;1331;0;0;0;0;0;0;0;0;0;0;0;61;0;0;0;0;0;0;0;0;0;0;0;0;0;0;0;0;0;0;0
216;Bayern;Fürstenfeldbruck;242940;199138;2785;1876;196353;197262;52329;45927;0;0;108897;98089;15698;19959;12199;21471;4764;5430;0;0;0;1205;2466;1591;0;0;0;678;0;244;0;407;0;1122;0;104;0;969;0;0;0;0;0;0;0;0;0;0;0;66;0;0;0;0;0;0;0;0;0;0;0;0;0;0;0;0;0;0;0
217;Bayern;Ingolstadt;245899;187323;2530;2420;184793;184903;40630;48613;0;0;121771;97356;7741;10631;4709;14183;5075;5834;0;0;0;1983;2735;2334;0;0;0;451;0;354;0;393;2132;1634;0;82;0;995;0;0;0;0;0;0;0;0;0;0;0;60;0;0;0;0;0;0;0;0;0;0;0;0;0;0;0;0;0;0;0
218;Bayern;München-Nord;202793;152262;1545;1284;150717;150978;65893;45157;0;0;61739;54704;8337;22367;7272;18274;3959;6082;0;0;0;631;1334;1134;0;0;0;630;0;171;0;285;1207;717;260;135;716;614;0;0;0;0;0;0;0;0;0;0;0;77;0;0;0;0;0;0;0;0;0;0;0;0;0;0;0;0;0;0;0
219;Bayern;München-Ost;219413;170380;2082;1360;168298;169020;61036;48238;0;0;73067;65031;14060;23001;12650;22078;4833;6158;0;0;0;716;1563;1101;0;0;0;727;0;148;0;302;0;591;1089;245;0;608;0;0;0;0;0;0;0;0;0;0;0;76;0;0;0;0;0;0;0;0;0;0;0;0;0;0;0;0;0;0;0
220;Bayern;München-Süd;200500;154386;1720;1213;152666;153173;56508;44729;0;0;67133;58952;12470;20697;9134;18372;4099;5953;0;0;0;598;1363;1198;0;0;0;719;0;205;0;258;1518;703;441;193;0;523;0;0;0;0;0;0;0;0;0;0;0;73;0;0;0;0;0;0;0;0;0;0;0;0;0;0;0;0;0;0;0
221;Bayern;München-West/Mitte;217460;168905;1908;1446;166997;167459;65603;47653;0;0;71321;61266;13180;27261;8098;19896;4768;6577;0;0;0;719;1552;1207;0;0;0;687;0;190;0;306;1720;861;381;181;0;591;0;0;0;0;0;0;0;0;0;0;0;64;0;0;0;0;0;0;0;0;0;0;374;0;0;0;0;0;0;0;0
222;Bayern;München-Land;226705;189295;2022;1346;187273;187949;56830;45027;0;0;98674;85350;14555;20018;11630;27439;3750;4826;0;0;0;856;1834;1231;0;0;0;755;0;196;0;361;0;917;0;107;0;815;0;0;0;0;0;0;0;0;0;0;0;51;0;0;0;0;0;0;0;0;0;0;0;0;0;0;0;0;0;0;0
223;Bayern;Rosenheim;222020;173077;2543;1677;170534;171400;37351;35482;0;0;102768;93811;12159;13437;7045;16044;3598;4314;0;0;4151;3079;1267;1191;0;0;0;700;0;280;0;358;0;1134;454;300;0;1205;0;0;0;0;0;0;0;0;0;0;0;65;0;0;0;0;0;0;0;0;0;0;0;0;0;0;0;0;1741;0;0
224;Bayern;Starnberg;247824;202092;2428;1780;199664;200312;43843;38408;0;0;119161;104663;14839;19618;15733;26850;3858;4566;0;0;0;1093;2230;1456;0;0;0;629;0;238;0;348;0;913;0;101;0;1368;0;0;0;0;0;0;0;0;0;0;0;61;0;0;0;0;0;0;0;0;0;0;0;0;0;0;0;0;0;0;0
225;Bayern;Traunstein;202947;157644;2553;1737;155091;155907;33582;30823;0;0;99041;89686;9390;11072;5567;12844;4102;4339;0;0;0;1776;2373;1752;0;0;0;458;1036;542;0;325;0;952;0;125;0;1162;0;0;0;0;0;0;0;0;0;0;0;51;0;0;0;0;0;0;0;0;0;0;0;0;0;0;0;0;0;0;0
226;Bayern;Weilheim;244362;195607;2574;1880;193033;193727;41229;39115;0;0;114756;104036;15068;16425;9166;20702;5068;5504;0;0;0;1232;2278;1630;0;0;0;551;0;371;0;400;0;1275;0;111;3754;2296;0;0;0;0;0;0;0;0;0;0;0;79;0;0;0;0;0;0;0;0;0;0;0;0;0;0;0;0;0;0;1714
227;Bayern;Deggendorf;154154;109196;1729;1224;107467;107972;25586;22111;0;0;65555;62255;3204;4041;6206;8530;3603;4045;0;0;0;2109;3313;2370;0;0;0;253;0;204;0;309;0;718;0;43;0;950;0;0;0;0;0;0;0;0;0;0;0;34;0;0;0;0;0;0;0;0;0;0;0;0;0;0;0;0;0;0;0
228;Bayern;Landshut;242102;186087;3412;2085;182675;184002;40546;39785;0;0;107698;102023;12223;11039;12895;17012;5195;5583;0;0;0;1533;4118;2906;0;0;0;517;0;233;0;446;0;1376;0;124;0;1363;0;0;0;0;0;0;0;0;0;0;0;62;0;0;0;0;0;0;0;0;0;0;0;0;0;0;0;0;0;0;0
229;Bayern;Passau;184728;132420;2120;1422;130300;130998;27765;29997;0;0;76236;71879;6429;6516;12927;12095;4142;4571;0;0;0;1256;2801;2015;0;0;0;381;0;182;0;285;0;781;0;82;0;921;0;0;0;0;0;0;0;0;0;0;0;37;0;0;0;0;0;0;0;0;0;0;0;0;0;0;0;0;0;0;0
230;Bayern;Rottal-Inn;161553;119605;3310;1883;116295;117722;25816;23382;0;0;75543;71195;4643;4849;5390;8694;0;2966;0;0;0;1536;3349;2405;0;0;0;274;0;120;0;329;0;807;1554;295;0;816;0;0;0;0;0;0;0;0;0;0;0;54;0;0;0;0;0;0;0;0;0;0;0;0;0;0;0;0;0;0;0
231;Bayern;Straubing;172616;127264;1975;1578;125289;125686;24953;25931;0;0;85192;74793;3813;4184;4210;9272;3731;4292;0;0;0;1660;3390;2627;0;0;0;330;0;129;0;369;0;1019;0;52;0;980;0;0;0;0;0;0;0;0;0;0;0;48;0;0;0;0;0;0;0;0;0;0;0;0;0;0;0;0;0;0;0
232;Bayern;Amberg;213156;166438;2981;2441;163457;163997;41223;42738;0;0;96174;86155;8094;8714;7146;12185;5110;5746;0;0;0;1112;3617;3271;0;0;0;435;0;443;0;464;0;1309;0;113;2093;1254;0;0;0;0;0;0;0;0;0;0;0;58;0;0;0;0;0;0;0;0;0;0;0;0;0;0;0;0;0;0;0
233;Bayern;Regensburg;236419;180592;2468;2079;178124;178513;50566;46510;0;0;94356;86356;11152;15210;8392;15999;5309;6463;0;0;0;1129;2819;2488;0;0;0;406;0;184;0;372;2710;1664;474;188;2346;1483;0;0;0;0;0;0;0;0;0;0;0;61;0;0;0;0;0;0;0;0;0;0;0;0;0;0;0;0;0;0;0
234;Bayern;Schwandorf;215477;160516;2785;2511;157731;158005;44381;41539;0;0;91714;84368;4860;6045;4773;11024;5300;5937;0;0;0;1623;4600;3752;0;0;0;364;0;247;0;416;0;1320;0;88;0;1218;0;0;0;0;0;0;0;0;0;0;0;64;0;0;0;0;0;0;0;0;0;0;0;0;0;0;0;0;0;0;2103
235;Bayern;Weiden;172807;134636;2240;2476;132396;132160;36454;39773;0;0;64110;67015;3142;5149;3735;8458;3477;4764;0;0;0;1003;2271;2722;0;0;0;330;0;192;0;425;0;1029;0;83;1263;1162;0;0;0;0;0;0;0;0;0;0;0;55;0;0;0;0;0;0;0;0;0;0;0;0;0;0;0;0;0;0;17944
236;Bayern;Bamberg;173588;135999;2566;1467;133433;134532;31777;32012;0;0;76536;67980;13782;10386;7137;12189;0;4702;0;0;0;2262;4201;2319;0;0;0;387;0;329;0;368;0;889;0;89;0;505;0;0;0;0;0;0;0;0;0;0;0;115;0;0;0;0;0;0;0;0;0;0;0;0;0;0;0;0;0;0;0
237;Bayern;Bayreuth;165436;128398;1909;1396;126489;127002;36352;36118;0;0;70928;61086;5396;7802;6703;11557;3808;4355;0;0;0;2084;2421;1802;0;0;0;350;881;531;0;314;0;658;0;45;0;257;0;0;0;0;0;0;0;0;0;0;0;43;0;0;0;0;0;0;0;0;0;0;0;0;0;0;0;0;0;0;0
238;Bayern;Coburg;164542;128079;2391;1621;125688;126458;41705;41691;0;0;65352;57476;6580;6468;4803;10348;4073;4732;0;0;0;795;3175;2886;0;0;0;309;0;313;0;342;0;718;0;57;0;224;0;0;0;0;0;0;0;0;0;0;0;99;0;0;0;0;0;0;0;0;0;0;0;0;0;0;0;0;0;0;0
239;Bayern;Hof;186643;141563;2403;2237;139160;139326;51635;45909;0;0;69788;61441;4623;7001;4601;11519;5289;6105;0;0;0;1421;3224;2609;0;0;0;513;0;807;0;386;0;974;0;98;0;496;0;0;0;0;0;0;0;0;0;0;0;47;0;0;0;0;0;0;0;0;0;0;0;0;0;0;0;0;0;0;0
240;Bayern;Kulmbach;173566;137658;2691;1913;134967;135745;35160;36213;0;0;81041;70251;5226;6385;4991;10384;4308;4876;0;0;0;1828;4241;3185;0;0;0;317;0;396;0;369;0;922;0;86;0;470;0;0;0;0;0;0;0;0;0;0;0;63;0;0;0;0;0;0;0;0;0;0;0;0;0;0;0;0;0;0;0
241;Bayern;Ansbach;242756;187535;3192;2428;184343;185107;55329;53775;0;0;100090;87051;9851;13327;7475;14434;5171;6537;0;0;0;2482;4213;3063;0;0;0;520;2214;1483;0;584;0;1244;0;101;0;405;0;0;0;0;0;0;0;0;0;0;0;101;0;0;0;0;0;0;0;0;0;0;0;0;0;0;0;0;0;0;0
242;Bayern;Erlangen;172655;139877;1470;1481;138407;138396;54726;44033;0;0;65612;57370;7203;14723;4913;13184;3113;4574;0;0;0;648;1799;1553;0;0;0;406;564;437;0;256;0;695;477;170;0;279;0;0;0;0;0;0;0;0;0;0;0;68;0;0;0;0;0;0;0;0;0;0;0;0;0;0;0;0;0;0;0
243;Bayern;Fürth;245961;190859;3120;2418;187739;188441;65014;60544;0;0;92017;79648;10319;15160;7896;16317;7913;7883;0;0;0;1617;4580;3374;0;0;0;671;0;784;0;478;0;1327;0;104;0;413;0;0;0;0;0;0;0;0;0;0;0;121;0;0;0;0;0;0;0;0;0;0;0;0;0;0;0;0;0;0;0
244;Bayern;Nürnberg-Nord;183712;139713;1729;1500;137984;138213;55046;46456;0;0;57917;49634;9878;17221;5317;12476;5780;7178;0;0;0;693;2283;1944;0;0;0;615;638;461;0;312;0;557;0;77;907;428;0;0;0;0;0;0;0;0;0;0;218;161;0;0;0;0;0;0;0;0;0;0;0;0;0;0;0;0;0;0;0
245;Bayern;Nürnberg-Süd;183616;137634;2346;1997;135288;135637;52523;47925;0;0;59510;54367;7411;10144;5433;10285;5320;6595;0;0;0;1031;2968;2358;0;0;0;595;820;569;0;303;0;672;0;74;1303;594;0;0;0;0;0;0;0;0;0;0;0;125;0;0;0;0;0;0;0;0;0;0;0;0;0;0;0;0;0;0;0
246;Bayern;Roth;223294;183237;3627;2623;179610;180614;60277;57883;0;0;91633;81783;9557;13359;7968;14254;5511;6333;0;0;0;1213;3227;2528;0;0;0;488;1437;871;0;444;0;935;0;72;0;375;0;0;0;0;0;0;0;0;0;0;0;76;0;0;0;0;0;0;0;0;0;0;0;0;0;0;0;0;0;0;0
247;Bayern;Aschaffenburg;182224;144283;3187;2587;141096;141696;37309;37783;0;0;73957;66568;16105;11050;6897;14883;4227;4952;0;0;0;2174;2601;1607;0;0;0;435;0;198;0;413;0;1052;0;92;0;337;0;0;0;0;0;0;0;0;0;0;0;152;0;0;0;0;0;0;0;0;0;0;0;0;0;0;0;0;0;0;0
248;Bayern;Bad Kissingen;220582;175290;3438;2742;171852;172548;41885;37654;0;0;98772;91645;10539;9646;7778;15888;7465;8422;0;0;0;2701;4238;3245;0;0;0;441;1175;603;0;549;0;1194;0;86;0;378;0;0;0;0;0;0;0;0;0;0;0;96;0;0;0;0;0;0;0;0;0;0;0;0;0;0;0;0;0;0;0
249;Bayern;Main-Spessart;197707;158422;3172;2585;155250;155837;44689;41828;0;0;88171;78161;9202;10339;6103;13297;0;4906;0;0;3390;2718;1821;1680;0;0;0;436;941;478;0;466;0;1010;0;124;0;310;0;0;0;0;0;0;0;0;0;0;0;84;0;0;0;0;0;0;0;0;0;0;0;0;0;0;0;0;933;0;0
250;Bayern;Schweinfurt;198245;156430;2979;2448;153451;153982;42937;39889;0;0;82989;73981;7797;10252;6483;13320;9848;8178;0;0;0;3290;3397;2037;0;0;0;455;0;462;0;500;0;1044;0;83;0;363;0;0;0;0;0;0;0;0;0;0;0;128;0;0;0;0;0;0;0;0;0;0;0;0;0;0;0;0;0;0;0
251;Bayern;Würzburg;222087;178409;2626;2138;175783;176271;56719;49232;0;0;82915;75419;15157;19701;8636;16938;5736;6821;0;0;4444;4176;935;928;0;0;0;614;1241;519;0;427;0;982;0;96;0;348;0;0;0;0;0;0;0;0;0;0;0;70;0;0;0;0;0;0;0;0;0;0;0;0;0;0;0;0;0;0;0
252;Bayern;Augsburg-Stadt;203162;149458;2615;2330;146843;147128;41290;41149;0;0;72284;65285;17462;15457;7393;13427;5280;6052;0;0;0;1437;2257;1617;0;0;0;490;0;353;0;358;0;682;877;250;0;455;0;0;0;0;0;0;0;0;0;0;0;116;0;0;0;0;0;0;0;0;0;0;0;0;0;0;0;0;0;0;0
253;Bayern;Augsburg-Land;236590;191577;3051;2161;188526;189416;41804;41717;0;0;112956;100308;13159;14067;10866;19169;5007;5537;0;0;0;2374;3468;2351;0;0;0;617;0;416;0;491;0;1190;0;144;0;947;0;0;0;0;0;0;0;0;0;0;0;88;0;0;0;0;0;0;0;0;0;0;0;0;0;0;0;0;0;0;1266
254;Bayern;Donau-Ries;187610;147222;2609;1718;144613;145504;32778;32077;0;0;87740;82845;8154;7463;8950;12104;3883;3960;0;0;0;2170;3108;2038;0;0;0;380;0;311;0;427;0;958;0;80;0;623;0;0;0;0;0;0;0;0;0;0;0;68;0;0;0;0;0;0;0;0;0;0;0;0;0;0;0;0;0;0;0
255;Bayern;Neu-Ulm;232818;179115;3211;2288;175904;176827;43541;41464;0;0;99959;91317;11833;11374;10813;17932;5453;5680;0;0;0;1879;4305;3256;0;0;0;610;0;618;0;548;0;1258;0;137;0;634;0;0;0;0;0;0;0;0;0;0;0;120;0;0;0;0;0;0;0;0;0;0;0;0;0;0;0;0;0;0;0
256;Bayern;Oberallgäu;217158;169643;2240;1713;167403;167930;34349;35163;0;0;103030;88875;14162;13712;8943;18144;4707;5030;0;0;0;1747;2212;1404;0;0;0;609;0;477;0;463;0;1425;0;103;0;705;0;0;0;0;0;0;0;0;0;0;0;73;0;0;0;0;0;0;0;0;0;0;0;0;0;0;0;0;0;0;0
257;Bayern;Ostallgäu;239599;186381;4414;2598;181967;183783;34467;34651;0;0;110880;103806;12241;12225;12640;18841;5055;5185;0;0;0;1580;3655;2612;0;0;0;560;0;674;0;464;0;1415;0;145;0;1544;0;0;0;0;0;0;0;0;0;0;0;81;0;0;0;0;0;0;0;0;0;0;0;0;0;0;0;0;2531;0;498
909;Bayern;Land;9222560;7181842;115273;86536;7066569;7095306;1960561;1806548;0;0;3889990;3494309;449976;559941;353503;673817;201865;244701;0;0;11985;73619;126059;95196;0;0;0;22380;10947;17482;0;17425;9287;45396;7027;5501;16047;35543;0;0;0;0;0;0;0;0;0;0;218;3448;0;0;0;0;0;0;0;0;0;0;374;0;0;0;0;0;5205;0;23525

258;Baden-Württemberg;Stuttgart I;179288;145294;1642;1463;143652;143831;55393;43391;56243;46703;0;0;14870;24805;9599;19697;4255;5607;0;0;0;852;987;684;0;0;1099;880;583;433;0;0;0;443;279;165;0;0;0;0;0;0;0;0;0;0;0;0;0;171;0;0;0;0;0;0;0;0;0;0;0;0;0;0;0;0;0;0;344
259;Baden-Württemberg;Stuttgart II;179622;138583;1879;1924;136704;136659;57524;46334;54297;45045;0;0;9089;17241;5839;16250;6448;6611;0;0;0;1532;1616;1113;0;0;1227;1102;0;359;0;0;0;624;288;146;0;0;0;0;0;0;0;0;0;0;0;0;376;302;0;0;0;0;0;0;0;0;0;0;0;0;0;0;0;0;0;0;0
260;Baden-Württemberg;Böblingen;241166;196769;2690;2571;194079;194198;63778;56981;96605;75622;0;0;13908;20247;9621;27218;4791;5916;0;0;0;2068;2866;2003;0;0;0;894;2058;1671;0;0;0;1153;0;129;0;0;0;0;0;0;0;0;0;0;0;0;452;296;0;0;0;0;0;0;0;0;0;0;0;0;0;0;0;0;0;0;0
261;Baden-Württemberg;Esslingen;163579;133889;1794;1509;132095;132380;51793;41987;61861;50235;0;0;8742;15219;4063;15639;3739;4178;0;0;0;2099;1897;979;0;0;0;578;0;451;0;0;0;758;0;74;0;0;0;0;0;0;0;0;0;0;0;0;0;183;0;0;0;0;0;0;0;0;0;0;0;0;0;0;0;0;0;0;0
262;Baden-Württemberg;Nürtingen;201242;164944;2501;2149;162443;162795;54989;47452;77838;63260;0;0;14650;18130;8136;21741;4261;4707;0;0;0;3187;2569;1300;0;0;0;706;0;1007;0;0;0;1065;0;86;0;0;0;0;0;0;0;0;0;0;0;0;0;154;0;0;0;0;0;0;0;0;0;0;0;0;0;0;0;0;0;0;0
263;Baden-Württemberg;Göppingen;180833;142455;2923;2574;139532;139881;50859;44017;67443;53166;0;0;6956;13356;5985;17179;5278;5609;0;0;0;1736;3011;2238;0;0;0;548;0;728;0;0;0;1036;0;85;0;0;0;0;0;0;0;0;0;0;0;0;0;183;0;0;0;0;0;0;0;0;0;0;0;0;0;0;0;0;0;0;0
264;Baden-Württemberg;Waiblingen;217671;176569;2709;2333;173860;174236;68120;51024;81488;66983;0;0;7645;19440;9344;23836;4296;5593;0;0;0;2067;2542;1651;0;0;0;960;0;1221;0;0;0;1121;0;130;0;0;0;0;0;0;0;0;0;0;0;0;425;210;0;0;0;0;0;0;0;0;0;0;0;0;0;0;0;0;0;0;0
265;Baden-Württemberg;Ludwigsburg;203269;165170;2497;2235;162673;162935;55972;52063;75355;59291;0;0;14228;17956;7499;21054;5168;5829;0;0;0;1783;2346;1670;0;0;2105;1332;0;794;0;0;0;910;0;97;0;0;0;0;0;0;0;0;0;0;0;0;0;156;0;0;0;0;0;0;0;0;0;0;0;0;0;0;0;0;0;0;0
266;Baden-Württemberg;Neckar-Zaber;218571;179071;3054;2701;176017;176370;60239;56306;81743;66936;0;0;11593;16561;12581;22695;4693;5759;0;0;0;2345;3259;2188;0;0;1909;1246;0;992;0;0;0;1093;0;111;0;0;0;0;0;0;0;0;0;0;0;0;0;138;0;0;0;0;0;0;0;0;0;0;0;0;0;0;0;0;0;0;0
267;Baden-Württemberg;Heilbronn;237705;183367;3915;3412;179452;179955;60353;58244;90333;71134;0;0;10059;13540;7918;20941;6082;6904;0;0;0;2622;4157;2980;0;0;0;848;0;994;0;0;0;1357;0;118;0;0;0;0;0;0;0;0;0;0;0;0;550;273;0;0;0;0;0;0;0;0;0;0;0;0;0;0;0;0;0;0;0
268;Baden-Württemberg;Schwäbisch Hall - Hohenlohe;220164;165515;3457;3490;162058;162025;51836;48634;75371;64572;0;0;11577;14959;11513;18806;5578;5933;0;0;0;2271;3619;2666;0;0;0;608;2564;2008;0;0;0;1286;0;126;0;0;0;0;0;0;0;0;0;0;0;0;0;156;0;0;0;0;0;0;0;0;0;0;0;0;0;0;0;0;0;0;0
269;Baden-Württemberg;Backnang - Schwäbisch Gmünd;175509;136784;2699;2489;134085;134295;46519;41011;65471;55177;0;0;9366;12406;6129;14546;4422;4711;0;0;0;1905;2178;1580;0;0;0;641;0;1144;0;0;0;928;0;119;0;0;0;0;0;0;0;0;0;0;0;0;0;127;0;0;0;0;0;0;0;0;0;0;0;0;0;0;0;0;0;0;0
270;Baden-Württemberg;Aalen - Heidenheim;224632;174933;4322;3578;170611;171355;58375;54873;85134;71995;0;0;8794;13017;9146;16892;9162;6771;0;0;0;2891;0;1699;0;0;0;671;0;937;0;0;0;1351;0;109;0;0;0;0;0;0;0;0;0;0;0;0;0;149;0;0;0;0;0;0;0;0;0;0;0;0;0;0;0;0;0;0;0
271;Baden-Württemberg;Karlsruhe-Stadt;197356;150150;2609;2336;147541;147814;58201;47399;61000;48557;0;0;13478;21778;6288;17804;6333;7333;0;0;0;833;2241;1638;0;0;0;881;0;469;0;0;0;863;0;121;0;0;0;0;0;0;0;0;0;0;0;0;0;138;0;0;0;0;0;0;0;0;0;0;0;0;0;0;0;0;0;0;0
272;Baden-Württemberg;Karlsruhe-Land;205134;165906;3171;2734;162735;163172;57983;50046;78578;66466;0;0;9599;14962;8182;19680;4446;5649;0;0;0;1360;2415;1713;0;0;0;699;1532;1166;0;0;0;1237;0;109;0;0;0;0;0;0;0;0;0;0;0;0;0;85;0;0;0;0;0;0;0;0;0;0;0;0;0;0;0;0;0;0;0
273;Baden-Württemberg;Rastatt;207276;158399;3648;3267;154751;155132;53604;48869;76326;64460;0;0;9092;13099;8105;17081;5313;5931;0;0;0;1539;2311;1711;0;0;0;633;0;530;0;0;0;1083;0;107;0;0;0;0;0;0;0;0;0;0;0;0;0;89;0;0;0;0;0;0;0;0;0;0;0;0;0;0;0;0;0;0;0
274;Baden-Württemberg;Heidelberg;208852;170915;2478;2275;168437;168640;64692;53397;65242;56533;0;0;18704;25686;12366;21107;5064;7307;0;0;0;810;2369;1655;0;0;0;745;0;349;0;0;0;870;0;89;0;0;0;0;0;0;0;0;0;0;0;0;0;92;0;0;0;0;0;0;0;0;0;0;0;0;0;0;0;0;0;0;0
275;Baden-Württemberg;Mannheim;198518;146286;3187;2693;143099;143593;65730;53295;53513;44641;0;0;8293;15587;6579;14283;8984;9507;0;0;0;1590;0;1875;0;0;0;1027;0;391;0;0;0;1073;0;147;0;0;0;0;0;0;0;0;0;0;0;0;0;177;0;0;0;0;0;0;0;0;0;0;0;0;0;0;0;0;0;0;0
276;Baden-Württemberg;Odenwald - Tauber;216051;168380;4112;3594;164268;164786;49188;45318;88525;77032;0;0;8170;11157;6585;17525;5048;5848;0;0;0;1868;3291;2388;0;0;0;569;0;658;0;0;3461;2245;0;96;0;0;0;0;0;0;0;0;0;0;0;0;0;82;0;0;0;0;0;0;0;0;0;0;0;0;0;0;0;0;0;0;0
277;Baden-Württemberg;Rhein-Neckar;193332;155883;3061;2656;152822;153227;56346;47142;72382;60850;0;0;8876;14574;6931;18332;5300;6301;0;0;0;1270;2987;2168;0;0;0;626;0;652;0;0;0;1139;0;92;0;0;0;0;0;0;0;0;0;0;0;0;0;81;0;0;0;0;0;0;0;0;0;0;0;0;0;0;0;0;0;0;0
278;Baden-Württemberg;Bruchsal - Schwetzingen;190693;152375;3562;3200;148813;149175;51873;46173;72516;60845;0;0;6503;11271;7210;17619;4776;6075;0;0;0;1764;3012;2177;0;0;0;689;0;443;0;0;2923;1897;0;97;0;0;0;0;0;0;0;0;0;0;0;0;0;125;0;0;0;0;0;0;0;0;0;0;0;0;0;0;0;0;0;0;0
279;Baden-Württemberg;Pforzheim;218955;169442;3439;3076;166003;166366;57135;51706;77861;65153;0;0;8992;14023;12296;21025;6439;6676;0;0;0;1922;3280;2083;0;0;0;842;0;1416;0;0;0;1271;0;105;0;0;0;0;0;0;0;0;0;0;0;0;0;144;0;0;0;0;0;0;0;0;0;0;0;0;0;0;0;0;0;0;0
280;Baden-Württemberg;Calw;198594;153953;2633;2578;151320;151375;45838;40263;74513;65367;0;0;8023;12163;11449;19478;4813;4942;0;0;0;2192;3117;2229;0;0;0;661;3567;2646;0;0;0;1204;0;107;0;0;0;0;0;0;0;0;0;0;0;0;0;123;0;0;0;0;0;0;0;0;0;0;0;0;0;0;0;0;0;0;0
281;Baden-Württemberg;Freiburg;205189;165010;2556;2151;162454;162859;73278;50480;55922;48254;0;0;17809;37082;6180;14845;6964;8009;0;0;0;763;1427;1068;0;0;0;803;0;502;0;0;0;809;0;87;0;0;0;0;0;0;0;0;0;0;0;0;0;157;874;0;0;0;0;0;0;0;0;0;0;0;0;0;0;0;0;0;0
282;Baden-Württemberg;Lörrach - Müllheim;220779;169552;3411;2806;166141;166746;72553;58577;66109;57872;0;0;10474;20989;8070;16674;5116;6372;0;0;0;1630;2300;1491;0;0;0;735;1519;1128;0;0;0;1052;0;102;0;0;0;0;0;0;0;0;0;0;0;0;0;124;0;0;0;0;0;0;0;0;0;0;0;0;0;0;0;0;0;0;0
283;Baden-Württemberg;Emmendingen - Lahr;209138;160982;3793;3521;157189;157461;57250;51187;70646;59587;0;0;14050;18349;7380;16140;5419;6213;0;0;0;1223;2444;1708;0;0;0;756;0;757;0;0;0;1348;0;123;0;0;0;0;0;0;0;0;0;0;0;0;0;70;0;0;0;0;0;0;0;0;0;0;0;0;0;0;0;0;0;0;0
284;Baden-Württemberg;Offenburg;201410;151908;3447;3365;148461;148543;46271;43430;74953;61181;0;0;10415;14479;7552;16864;5834;6398;0;0;0;1472;2487;1896;0;0;0;593;949;701;0;0;0;1362;0;94;0;0;0;0;0;0;0;0;0;0;0;0;0;73;0;0;0;0;0;0;0;0;0;0;0;0;0;0;0;0;0;0;0
285;Baden-Württemberg;Rottweil - Tuttlingen;199140;153257;3804;3125;149453;150132;39405;39596;78062;67326;0;0;9064;10539;13768;19357;0;4693;0;0;0;1655;3681;2297;0;0;0;763;0;1113;0;0;5473;2540;0;161;0;0;0;0;0;0;0;0;0;0;0;0;0;92;0;0;0;0;0;0;0;0;0;0;0;0;0;0;0;0;0;0;0
286;Baden-Württemberg;Schwarzwald-Baar;167645;129388;3293;2900;126095;126488;38925;35077;64716;53146;0;0;9314;11103;7819;16300;0;4512;0;0;0;1041;3639;2127;0;0;0;717;1682;1170;0;0;0;1038;0;99;0;0;0;0;0;0;0;0;0;0;0;0;0;158;0;0;0;0;0;0;0;0;0;0;0;0;0;0;0;0;0;0;0
287;Baden-Württemberg;Konstanz;193465;150629;3053;2472;147576;148157;46713;44123;64745;55279;0;0;13065;17958;15504;20274;5420;5665;0;0;0;840;2129;1561;0;0;0;720;0;541;0;0;0;944;0;129;0;0;0;0;0;0;0;0;0;0;0;0;0;123;0;0;0;0;0;0;0;0;0;0;0;0;0;0;0;0;0;0;0
288;Baden-Württemberg;Waldshut;176676;136437;3453;2322;132984;134115;49759;39923;62042;55509;0;0;9556;14624;7959;14549;0;4325;0;0;0;1456;2235;1122;0;0;0;597;1433;815;0;0;0;1012;0;99;0;0;0;0;0;0;0;0;0;0;0;0;0;84;0;0;0;0;0;0;0;0;0;0;0;0;0;0;0;0;0;0;0
289;Baden-Württemberg;Reutlingen;195834;156407;3343;2644;153064;153763;49715;45514;75189;59038;0;0;11926;16374;8227;21090;5023;5428;0;0;0;1862;2500;1653;0;0;0;652;0;802;0;0;0;1020;0;85;0;0;0;0;0;0;0;0;0;0;0;0;484;245;0;0;0;0;0;0;0;0;0;0;0;0;0;0;0;0;0;0;0
290;Baden-Württemberg;Tübingen;182904;148011;2661;2386;145350;145625;55513;42318;62391;51392;0;0;14219;23612;5446;16382;4759;6209;0;0;0;1864;2147;1390;0;0;0;505;0;761;0;0;0;938;0;114;0;0;0;0;0;0;0;0;0;0;0;0;0;140;0;0;0;0;0;0;0;0;0;0;0;0;0;0;0;0;0;0;875
291;Baden-Württemberg;Ulm;214908;171930;3682;3287;168248;168643;55352;48274;82007;70893;0;0;12635;17803;8591;19059;4826;5495;0;0;0;1660;2770;2117;0;0;0;758;0;846;0;0;0;1384;0;153;0;0;0;0;0;0;0;0;0;0;0;0;0;201;0;0;0;0;0;0;0;0;0;0;0;0;0;0;0;0;0;0;2067
292;Baden-Württemberg;Biberach;158342;125405;2611;2461;122794;122944;23508;26582;65280;63435;0;0;17063;9610;9284;13532;2692;3204;0;0;0;2226;2624;1567;0;0;0;549;0;502;0;0;0;1506;0;155;0;0;0;0;0;0;0;0;0;0;0;0;0;76;0;0;0;0;0;0;0;0;0;0;0;0;0;0;0;0;0;0;2343
293;Baden-Württemberg;Bodensee;163240;129793;2003;1806;127790;127987;36868;35278;63447;53640;0;0;13999;14439;6977;15825;3601;4169;0;0;0;946;1765;1261;0;0;0;610;926;647;0;0;207;999;0;79;0;0;0;0;0;0;0;0;0;0;0;0;0;94;0;0;0;0;0;0;0;0;0;0;0;0;0;0;0;0;0;0;0
294;Baden-Württemberg;Ravensburg;177314;138293;2508;2394;135785;135899;35480;33686;69304;60909;0;0;15959;15436;7781;15948;3846;4248;0;0;0;1542;1790;1114;0;0;0;599;811;758;0;0;282;1466;0;120;0;0;0;0;0;0;0;0;0;0;0;0;0;73;0;0;0;0;0;0;0;0;0;0;0;0;0;0;0;0;0;0;532
295;Baden-Württemberg;Zollernalb - Sigmaringen;185197;141883;3583;2993;138300;138890;36265;34864;76504;65601;0;0;7819;9517;7710;16568;4099;4468;0;0;0;2290;2839;1884;0;0;0;687;0;918;0;0;3064;1763;0;95;0;0;0;0;0;0;0;0;0;0;0;0;0;235;0;0;0;0;0;0;0;0;0;0;0;0;0;0;0;0;0;0;0
908;Baden-Württemberg;Land;7529193;5923917;115183;101470;5808734;5822447;2013195;1754834;2720955;2283085;0;0;428574;623091;321612;693835;182288;219105;0;0;0;64976;92847;66644;0;0;6340;28430;17624;33420;0;0;15410;45188;567;4260;0;0;0;0;0;0;0;0;0;0;0;0;2287;5579;874;0;0;0;0;0;0;0;0;0;0;0;0;0;0;0;0;0;6161

296;Saarland;Saarbrücken;209832;161396;3305;3302;158091;158094;53035;51231;47057;41846;0;0;5576;12517;5266;12502;41428;33021;0;0;0;0;2434;2823;0;0;0;1323;0;0;0;0;3072;2614;0;0;0;0;0;0;0;0;0;0;0;0;0;0;223;217;0;0;0;0;0;0;0;0;0;0;0;0;0;0;0;0;0;0;0
297;Saarland;Saarlouis;216527;173032;4695;4550;168337;168482;67981;55839;60495;53774;0;0;4915;9014;5867;12789;22956;30142;0;0;0;0;2802;2872;0;0;0;995;0;0;0;0;3321;2874;0;0;0;0;0;0;0;0;0;0;0;0;0;0;0;183;0;0;0;0;0;0;0;0;0;0;0;0;0;0;0;0;0;0;0
298;Saarland;St. Wendel;187024;153996;5179;4710;148817;149286;56256;50048;55358;50000;0;0;4085;6925;5482;10127;20838;25286;0;0;0;0;2498;2502;0;0;0;951;0;0;0;0;4300;3307;0;0;0;0;0;0;0;0;0;0;0;0;0;0;0;140;0;0;0;0;0;0;0;0;0;0;0;0;0;0;0;0;0;0;0
299;Saarland;Homburg;205095;161665;4161;4009;157504;157656;63167;54083;51579;45447;0;0;4400;9033;5413;11770;24287;28640;0;0;0;0;3186;3262;0;0;0;1068;0;0;0;0;5246;4207;0;0;0;0;0;0;0;0;0;0;0;0;0;0;0;146;0;0;0;0;0;0;0;0;0;0;0;0;0;0;0;0;0;0;226
910;Saarland;Land;818478;650089;17340;16571;632749;633518;240439;211201;214489;191067;0;0;18976;37489;22028;47188;109509;117089;0;0;0;0;10920;11459;0;0;0;4337;0;0;0;0;15939;13002;0;0;0;0;0;0;0;0;0;0;0;0;0;0;223;686;0;0;0;0;0;0;0;0;0;0;0;0;0;0;0;0;0;0;226

999;Bundesgebiet;Insgesamt;61870711;48044134;850072;756146;47194062;47287988;18129100;16194665;15390950;13136740;3889990;3494309;2538913;3838326;2208531;4648144;3764168;4118194;5401;3338;38678;266101;857777;748568;7341;110603;6340;198601;57027;108605;1327;27497;76064;191842;40984;35649;16047;35543;1297;4010;1473;9643;570;21350;3018;4233;0;10536;16480;45238;6923;10379;0;15605;0;10269;1011;0;1655;0;2029;0;639;0;496;0;11703;0;118130
