WahlkreisNr,Wahlkreis,Voters,Voted,Invalid_S1,Invalid_S2,Valid_S1,Valid_S2,SPD_S1,SPD_S2,CDU_S1,CDU_S2,FDP_S1,FDP_S2,DIE LINKE_S1,DIE LINKE_S2,GRÜNE_S1,GRÜNE_S2,CSU_S1,CSU_S2,NPD_S1,NPD_S2,REP_S1,REP_S2,FAMILIE_S1,FAMILIE_S2,Die Tierschutzpartei_S1,Die Tierschutzpartei_S2,PBC_S1,PBC_S2,MLPD_S1,MLPD_S2,BüSo_S1,BüSo_S2,BP_S1,BP_S2,PSG_S2,Volksabstimmung_S1,Volksabstimmung_S2,ZENTRUM_S1,ZENTRUM_S2,ADM_S1,ADM_S2,CM_S2,DKP_S1,DKP_S2,DVU_S2,DIE VIOLETTEN_S1,DIE VIOLETTEN_S2,FWD_S2,ödp_S1,ödp_S2,PIRATEN_S1,PIRATEN_S2,RRP_S1,RRP_S2,RENTNER_S2,Freie Union_S1,Übrige_S1
1,Flensburg – Schleswig,225 216,163 329,4 117,4 181,159 212,159 148,52 139,41 793,61 793,51 068,15 292,24 187,11 918,13 481,16 399,21 967,0,0,1 302,1 240,0,0,0,0,0,0,0,0,0,47,0,0,0,0,0,0,0,369,0,0,0,0,0,0,159,0,0,0,0,0,0,3 385,0,0,1 821,0,0
2,Nordfriesland – Dithmarschen Nord,187 047,134 671,3 382,3 218,131 289,131 453,36 642,32 239,56 751,47 947,15 184,22 605,8 208,8 836,12 840,14 927,0,0,1 231,1 126,0,0,0,0,0,0,0,0,0,53,0,0,0,0,0,0,0,0,0,0,0,0,0,0,194,0,0,0,0,0,0,2 233,0,0,1 293,0,433
3,Steinburg – Dithmarschen Süd,177 604,128 320,3 348,3 030,124 972,125 290,37 277,31 282,49 779,43 480,16 037,21 970,8 896,9 808,10 665,12 899,0,0,1 603,1 512,0,0,0,0,0,0,0,0,0,44,0,0,0,0,0,0,0,0,0,0,0,0,0,0,142,0,0,0,0,0,0,2 549,0,0,1 604,0,715
4,Rendsburg-Eckernförde,198 910,150 018,3 404,3 026,146 614,146 992,47 610,39 253,58 876,49 789,14 317,23 442,8 729,9 821,14 790,18 751,0,0,1 344,1 220,0,0,0,0,0,0,0,0,0,55,0,0,0,0,0,0,0,0,0,0,0,0,0,0,136,0,0,0,0,0,0,2 985,0,0,1 540,0,948
5,Kiel,200 347,145 483,3 442,2 263,142 041,143 220,54 398,42 369,42 733,36 397,12 188,19 156,11 817,13 430,18 699,24 659,0,0,1 392,1 275,0,0,0,0,0,0,0,0,0,80,0,0,0,0,0,0,0,0,0,0,0,0,0,0,139,0,0,0,0,0,0,4 267,0,0,1 448,0,814
6,Plön – Neumünster,175 132,127 971,3 292,3 031,124 679,124 940,41 683,35 557,48 136,40 110,12 515,19 772,7 871,8 936,12 187,15 701,0,0,1 363,1 315,0,0,0,0,0,0,0,0,0,42,0,0,0,0,0,0,0,0,0,0,0,0,0,0,131,0,0,0,0,0,0,2 281,0,0,1 095,0,924
7,Pinneberg,232 899,176 188,3 384,3 193,172 804,172 995,54 950,45 540,70 458,57 203,17 018,28 640,11 794,13 412,16 143,20 978,0,0,1 912,1 743,0,0,0,0,0,0,0,0,0,56,0,0,0,0,0,0,0,0,0,0,0,0,0,0,193,0,0,0,0,0,0,3 659,0,0,1 571,0,529
8,Segeberg – Stormarn-Mitte,240 010,180 295,3 674,3 303,176 621,176 992,54 065,44 445,70 290,58 225,20 084,31 407,12 527,14 280,16 633,21 245,0,0,1 797,1 687,0,0,0,0,0,0,0,0,0,58,0,0,0,0,0,0,0,0,0,0,0,0,0,0,233,0,0,0,0,0,0,3 598,0,0,1 814,0,1 225
9,Ostholstein – Stormarn-Nord,179 987,131 917,4 043,3 094,127 874,128 823,43 765,36 329,49 363,42 193,14 397,22 701,8 235,9 342,10 411,13 651,0,0,1 270,1 192,0,0,0,0,0,0,0,0,0,43,0,0,0,0,0,0,0,0,0,0,0,0,0,0,132,0,0,0,0,0,0,2 062,0,0,1 178,0,433
10,Herzogtum Lauenburg – Stormarn-Süd,237 144,181 568,3 884,3 259,177 684,178 309,53 073,45 354,70 874,59 075,19 742,30 714,12 351,13 855,18 761,22 240,0,0,2 330,2 126,0,0,0,0,0,0,0,0,0,48,0,0,0,0,0,0,0,0,0,0,0,0,0,0,204,553,0,0,0,0,0,3 248,0,0,1 445,0,0
11,Lübeck,180 424,124 624,3 524,3 284,121 100,121 340,44 393,36 578,36 745,32 970,13 296,17 173,10 973,12 002,14 098,16 764,0,0,1 595,1 412,0,0,0,0,0,0,0,0,0,90,0,0,0,0,0,0,0,0,0,0,0,0,0,0,144,0,0,0,0,0,0,3 010,0,0,1 197,0,0
12,Schwerin – Ludwigslust-Parchim I – Nordwestmecklenburg I,226 424,148 469,2 507,2 122,145 962,146 347,36 134,29 602,44 260,45 985,11 464,14 174,41 449,40 022,7 840,8 528,0,0,4 699,4 321,0,256,0,0,0,0,0,0,0,252,0,0,0,0,0,0,0,0,0,0,0,0,0,0,0,0,0,0,0,0,0,3 207,0,0,0,0,116
13,Ludwigslust-Parchim II – Nordwestmecklenburg II – Landkreis Rostock I,217 571,138 101,2 440,2 155,135 661,135 946,28 275,25 078,45 462,44 531,10 106,13 264,40 228,38 919,6 601,7 049,0,0,4 239,3 903,0,199,0,0,0,0,0,0,0,254,0,0,0,0,0,0,0,0,0,0,0,0,0,0,0,0,0,0,133,0,0,2 749,0,0,0,0,617
14,Rostock – Landkreis Rostock II,224 968,149 341,2 402,2 115,146 939,147 226,29 052,26 254,41 161,41 154,9 931,14 285,46 323,44 937,15 050,12 027,0,0,3 681,3 405,0,215,0,0,0,0,0,0,554,343,0,0,0,0,0,0,0,0,0,0,0,0,0,0,0,0,0,0,74,0,0,4 606,0,0,0,0,1 113
15,Vorpommern-Rügen – Vorpommern-Greifswald I,253 514,154 213,2 632,2 761,151 581,151 452,19 090,19 591,70 329,55 282,8 491,16 798,40 081,42 462,6 757,8 550,0,0,4 115,4 237,0,307,0,0,0,0,0,0,0,283,0,0,0,0,0,0,0,0,0,0,0,0,0,0,0,0,0,0,0,0,0,3 942,0,0,0,0,2 718
16,Mecklenburgische Seenplatte I – Vorpommern-Greifswald II,247 700,153 434,3 498,3 085,149 936,150 349,22 994,20 979,52 897,53 411,11 746,13 987,46 343,44 748,5 412,5 705,0,0,8 369,7 776,0,340,0,0,0,0,0,0,0,294,0,0,0,0,0,0,0,0,0,0,0,0,0,0,0,0,0,0,0,0,0,3 109,0,0,0,0,2 175
17,Mecklenburgische Seenplatte II – Landkreis Rostock III,230 121,138 618,2 988,2 671,135 630,135 947,25 869,22 103,47 714,47 118,9 731,12 695,40 987,40 448,5 166,5 982,0,0,4 698,4 581,0,266,0,0,0,0,0,0,0,304,0,0,0,0,0,0,0,0,0,0,0,0,0,0,0,0,0,0,316,0,0,2 450,0,0,0,0,1 149
18,Hamburg-Mitte,249 150,164 566,2 660,2 033,161 906,162 533,56 125,45 904,43 306,38 459,12 700,18 915,21 173,22 111,26 261,26 984,0,0,2 341,1 817,0,0,0,0,0,0,0,0,0,128,0,0,0,0,0,0,0,0,0,0,0,0,0,0,243,0,0,0,0,659,0,6 142,0,0,1 171,0,0
19,Hamburg-Altona,178 340,133 657,1 552,1 358,132 105,132 299,47 298,33 225,39 303,34 197,10 655,17 246,13 206,16 340,18 888,25 459,0,0,780,802,0,0,0,0,0,0,0,0,158,88,151,0,0,0,0,0,0,0,0,0,0,0,0,0,104,0,0,0,709,563,0,3 513,0,0,762,0,957
20,Hamburg-Eimsbüttel,185 790,141 650,1 881,1 290,139 769,140 360,33 272,37 645,43 661,37 644,11 712,18 823,12 484,14 653,36 381,25 703,0,0,967,797,0,0,0,0,0,0,0,0,0,70,0,0,0,0,0,0,0,0,0,0,0,0,0,0,144,0,0,0,0,426,0,3 523,0,0,932,0,1 292
21,Hamburg-Nord,207 016,163 012,1 821,1 357,161 191,161 655,53 469,40 909,61 873,50 174,12 766,25 269,10 805,13 429,21 268,26 306,0,0,1 010,794,0,0,0,0,0,0,0,0,0,46,0,0,0,0,0,0,0,0,0,0,0,0,0,0,152,0,0,0,0,411,0,3 289,0,0,876,0,0
22,Hamburg-Wandsbek,217 147,150 049,2 126,1 686,147 923,148 363,51 460,42 705,53 958,44 770,11 408,20 181,14 021,16 205,13 914,17 518,0,0,1 972,1 674,0,0,0,0,0,0,0,0,0,50,0,0,0,0,0,0,0,0,0,0,0,0,0,0,261,0,0,0,1 190,527,0,3 158,0,0,1 314,0,0
23,Hamburg-Bergedorf – Harburg,219 191,143 119,2 355,1 991,140 764,141 128,54 965,42 554,46 303,41 423,10 727,16 709,14 430,16 358,11 728,16 484,0,0,2 111,1 795,0,0,0,0,0,0,0,0,0,63,500,0,0,0,0,0,0,0,0,0,0,0,0,0,280,0,0,0,0,402,0,3 543,0,0,1 517,0,0
24,Aurich – Emden,189 804,132 885,2 439,2 121,130 446,130 764,57 876,50 682,33 706,32 155,9 314,13 619,13 213,14 978,14 451,13 641,0,0,1 886,1 712,0,0,0,0,0,1 042,0,0,0,32,0,0,0,0,0,0,0,0,0,0,0,0,0,0,123,0,0,0,0,123,0,2 015,0,642,0,0,0
25,Unterems,231 076,164 653,2 392,2 136,162 261,162 517,47 481,44 913,73 405,63 545,15 470,20 731,12 062,14 219,11 981,12 222,0,0,1 862,1 707,0,0,0,0,0,1 149,0,0,0,28,0,0,0,0,0,0,0,0,0,0,0,0,0,0,152,0,0,0,0,304,0,2 899,0,648,0,0,0
26,Friesland – Wilhelmshaven – Wittmund,190 546,132 735,2 630,1 939,130 105,130 796,51 851,40 610,42 211,38 728,12 283,19 204,12 055,13 572,9 794,12 009,0,0,1 911,1 570,0,0,0,0,0,1 277,0,0,0,85,0,0,0,0,0,0,0,0,0,0,0,0,0,0,106,0,0,0,0,112,0,2 452,0,1 071,0,0,0
27,Oldenburg – Ammerland,215 591,158 347,1 891,1 490,156 456,156 857,49 020,42 551,55 610,44 090,13 840,22 917,14 080,15 244,21 651,24 171,0,0,1 548,1 345,0,0,0,0,0,1 349,0,0,0,53,0,0,0,0,0,0,0,0,0,0,0,0,0,0,124,0,0,0,0,192,0,4 000,707,821,0,0,0
28,Delmenhorst – Wesermarsch – Oldenburg-Land,226 440,161 584,1 970,1 821,159 614,159 763,55 374,45 895,56 273,49 810,16 163,23 109,13 751,15 906,14 446,16 731,0,0,2 346,2 009,0,0,0,0,0,1 519,0,0,0,49,0,0,0,0,0,0,0,0,0,0,0,0,0,0,171,0,0,0,0,179,0,2 879,1 261,1 506,0,0,0
29,Cuxhaven – Stade II,189 058,135 824,1 902,1 575,133 922,134 249,50 481,40 643,51 654,46 707,10 426,17 146,10 307,11 920,8 379,11 885,0,0,1 828,1 567,0,0,0,0,0,1 072,0,0,0,28,0,0,0,0,0,0,0,0,0,0,0,0,0,0,225,0,0,0,0,173,0,1 938,0,945,0,0,847
30,Stade I – Rotenburg II,192 956,142 114,1 690,1 424,140 424,140 690,46 851,37 784,62 035,51 303,9 946,20 056,9 096,10 541,9 409,14 253,0,0,2 349,2 061,0,0,0,0,0,999,0,0,0,43,307,0,0,0,0,0,0,0,0,0,0,0,0,0,140,0,0,0,0,170,0,2 503,0,837,0,0,431
31,Mittelems,226 979,169 078,1 775,1 550,167 303,167 528,43 503,39 085,91 378,79 052,13 278,23 749,8 195,9 169,9 819,11 357,0,0,1 130,1 014,0,0,0,0,0,853,0,0,0,24,0,0,0,0,0,0,0,0,0,0,0,0,0,0,78,0,0,0,0,158,0,2 347,0,642,0,0,0
32,Cloppenburg – Vechta,212 449,148 935,1 708,1 425,147 227,147 510,28 053,24 358,91 686,80 355,12 700,23 001,6 927,7 518,6 575,7 827,0,0,1 286,1 132,0,0,0,0,0,766,0,0,0,35,0,0,0,0,0,0,0,0,0,0,0,0,0,0,85,0,0,0,0,108,0,1 953,0,372,0,0,0
33,Diepholz – Nienburg I,193 411,141 838,1 646,1 315,140 192,140 523,48 313,38 955,52 599,47 565,15 928,22 067,9 775,11 701,11 917,13 999,0,0,1 660,1 442,0,0,0,0,0,1 059,0,0,0,27,0,0,0,0,0,0,0,0,0,0,0,0,0,0,193,0,0,0,0,143,0,2 435,0,937,0,0,0
34,Osterholz – Verden,192 320,144 883,1 642,1 337,143 241,143 546,52 397,41 979,53 080,45 908,10 787,17 889,12 242,13 830,12 318,17 053,0,0,2 417,1 981,0,0,0,0,0,1 228,0,0,0,24,0,0,0,0,0,0,0,0,0,0,0,0,0,0,187,0,0,0,0,152,0,2 339,0,976,0,0,0
35,Rotenburg I – Heidekreis,168 573,121 941,1 702,1 326,120 239,120 615,42 395,33 279,48 344,42 324,9 895,16 930,8 366,9 759,9 101,12 155,0,0,2 138,1 825,0,0,0,0,0,1 172,0,0,0,22,0,0,0,0,0,0,0,0,0,0,0,0,0,0,167,0,0,0,0,133,0,2 252,0,597,0,0,0
36,Harburg,191 159,148 918,1 976,1 552,146 942,147 366,45 002,36 139,59 657,50 104,15 812,24 967,9 611,10 825,13 772,18 002,0,0,1 935,1 636,0,0,0,0,0,1 132,0,0,0,33,0,0,0,0,0,0,0,0,0,0,0,0,0,0,177,0,0,0,0,238,0,2 963,1 153,1 150,0,0,0
37,Lüchow-Dannenberg – Lüneburg,177 098,131 466,1 695,1 366,129 771,130 100,40 411,32 321,43 229,37 291,11 242,16 323,11 935,13 166,19 645,23 543,0,0,1 860,1 594,0,0,0,0,0,1 002,0,0,0,32,0,0,0,0,0,0,0,0,0,0,0,0,0,0,135,0,0,0,0,194,0,2 795,1 449,1 704,0,0,0
38,Osnabrück-Land,197 143,144 630,1 706,1 353,142 924,143 277,46 028,37 936,63 175,55 599,12 940,21 117,9 006,10 211,10 393,13 227,0,0,1 382,1 243,0,0,0,0,0,854,0,0,0,26,0,0,0,0,0,0,0,0,0,0,0,0,0,0,120,0,0,0,0,190,0,2 268,0,486,0,0,0
39,Stadt Osnabrück,192 473,143 711,1 584,1 370,142 127,142 341,46 979,38 000,54 522,48 398,14 823,19 941,9 918,11 878,14 282,18 463,0,0,945,848,0,0,0,0,0,880,0,0,0,18,0,0,0,0,0,0,0,0,0,0,0,0,0,0,88,0,0,0,0,216,0,3 168,0,443,0,0,658
40,Nienburg II – Schaumburg,198 376,143 398,1 706,1 376,141 692,142 022,58 649,46 797,52 714,45 750,8 712,17 698,8 797,10 847,10 217,13 815,0,0,2 036,1 858,0,0,0,0,0,1 079,0,0,0,42,0,0,0,0,0,0,0,0,0,0,0,0,0,0,147,0,0,0,0,183,0,2 454,0,1 352,0,0,567
41,Stadt Hannover I,180 088,131 369,1 556,1 381,129 813,129 988,50 592,40 497,42 621,34 448,9 699,16 680,10 624,12 111,13 364,19 019,0,0,1 759,1 681,0,0,0,0,0,1 081,0,0,176,88,0,0,0,0,0,0,0,0,0,0,0,0,0,0,118,0,0,0,0,190,0,3 102,978,973,0,0,0
42,Stadt Hannover II,190 623,140 587,1 655,1 392,138 932,139 195,55 068,41 482,44 534,33 872,8 657,16 098,12 886,14 786,15 797,24 705,0,0,1 573,1 411,0,0,0,0,0,1 106,0,0,0,137,0,0,0,0,0,0,0,0,0,0,0,0,0,0,122,0,0,0,0,221,0,4 368,0,887,0,0,417
43,Hannover-Land I,232 214,175 757,2 251,1 764,173 506,173 993,67 178,53 236,66 311,58 219,14 560,24 492,11 173,12 601,11 642,16 993,0,0,2 642,2 288,0,0,0,0,0,1 362,0,0,0,46,0,0,0,0,0,0,0,0,0,0,0,0,0,0,179,0,0,0,0,301,0,3 137,0,1 139,0,0,0
44,Celle – Uelzen,217 316,157 137,1 991,1 701,155 146,155 436,50 107,42 402,68 572,55 393,11 351,22 295,10 130,11 765,10 801,14 770,0,0,2 501,2 291,0,0,0,0,0,1 130,0,0,0,40,0,0,0,0,0,0,0,0,0,0,0,0,0,0,180,0,0,0,0,190,0,2 957,1 684,2 023,0,0,0
45,Gifhorn – Peine,216 957,161 017,2 012,1 822,159 005,159 195,64 365,52 292,58 827,53 085,10 073,17 875,11 663,13 314,9 476,14 217,0,0,2 029,1 882,0,0,0,0,0,1 297,838,0,0,41,0,0,0,0,0,0,0,0,0,0,0,0,0,0,155,0,0,0,0,181,0,3 359,1 346,1 497,0,0,388
46,Hameln-Pyrmont – Holzminden,197 394,143 185,2 203,1 948,140 982,141 237,55 842,47 115,49 787,41 166,10 401,19 736,11 820,12 911,10 849,13 322,0,0,2 283,1 982,0,0,0,0,0,1 285,0,0,0,53,0,0,0,0,0,0,0,0,0,0,0,0,0,0,146,0,0,0,0,130,0,2 571,0,820,0,0,0
47,Hannover-Land II,239 450,183 314,2 258,2 005,181 056,181 309,73 215,59 493,65 573,57 144,12 982,22 004,11 976,13 908,12 533,18 936,0,0,2 853,2 534,0,0,0,0,0,1 513,0,0,0,53,0,0,0,0,0,0,0,0,0,0,0,0,0,0,181,0,0,0,0,248,0,3 528,1 422,1 767,0,0,502
48,Hildesheim,222 804,167 520,2 201,1 802,165 319,165 718,64 555,54 487,60 376,52 747,10 231,18 752,11 402,13 429,14 856,17 360,0,0,2 606,2 452,0,0,0,0,0,1 405,0,0,0,52,0,0,0,0,0,0,0,0,0,0,0,0,0,0,152,0,0,0,0,171,0,3 191,1 293,1 520,0,0,0
49,Salzgitter – Wolfenbüttel,213 208,157 578,2 468,2 167,155 110,155 411,69 631,53 144,50 519,47 719,9 436,16 479,12 538,15 569,9 032,13 744,0,0,2 791,2 490,0,0,0,0,0,1 334,0,0,0,34,0,0,0,0,0,0,0,0,0,0,0,0,0,0,186,0,0,0,0,129,0,2 812,1 163,1 771,0,0,0
50,Braunschweig,189 975,139 948,1 736,1 535,138 212,138 413,53 572,39 774,47 584,40 135,7 507,15 845,10 801,13 763,12 012,19 831,0,0,1 310,1 324,0,0,0,0,0,1 114,0,0,118,77,0,0,0,0,0,0,0,0,0,0,0,0,0,0,134,0,0,0,0,184,4 214,4 962,0,1 270,0,0,1 094
51,Helmstedt – Wolfsburg,187 831,135 261,2 196,1 790,133 065,133 471,46 064,42 391,52 427,45 319,8 480,14 114,10 216,11 309,10 692,11 801,0,0,3 023,2 606,0,0,0,0,0,1 176,415,0,0,46,0,0,0,0,0,0,0,0,0,0,0,0,0,0,101,0,0,0,0,112,0,2 905,1 748,1 591,0,0,0
52,Goslar – Northeim – Osterode,214 330,156 221,2 638,2 047,153 583,154 174,60 107,50 912,54 451,46 256,12 719,21 481,14 083,14 988,9 624,12 983,0,0,2 599,2 352,0,0,0,0,0,1 247,0,0,0,27,0,0,0,0,0,0,0,0,0,0,0,0,0,0,131,0,0,0,0,144,0,2 787,0,866,0,0,0
53,Göttingen,224 468,166 515,2 227,1 908,164 288,164 607,60 483,48 788,56 503,47 343,10 765,22 086,12 493,14 635,21 360,23 708,0,0,2 323,2 072,0,0,0,0,0,1 176,0,0,0,58,0,0,0,0,0,0,0,0,0,0,0,0,0,0,115,0,0,0,0,195,0,3 707,0,724,0,0,361
54,Bremen I,256 131,188 189,2 557,2 099,185 632,186 090,62 588,52 387,53 255,46 284,13 587,21 021,21 226,24 883,31 564,32 556,0,0,2 012,1 567,0,247,0,0,0,0,0,458,343,133,0,0,0,0,0,0,0,0,0,0,0,0,0,0,373,0,0,0,0,0,0,4 564,0,1 617,0,0,1 057
55,Bremen II – Bremerhaven,231 847,154 838,2 691,2 317,152 147,152 521,58 879,50 032,39 186,34 680,10 850,14 947,21 647,23 486,16 985,19 727,0,0,2 614,2 045,0,330,0,0,0,0,0,397,0,83,0,0,0,0,0,0,0,0,0,0,0,0,0,0,657,0,0,0,0,0,0,3 610,1 563,2 527,0,0,423
56,Prignitz – Ostprignitz-Ruppin – Havelland I,171 705,108 017,3 477,3 020,104 540,104 997,33 532,29 446,22 851,24 913,8 162,9 068,32 198,30 550,4 483,4 587,0,0,3 314,2 494,0,170,0,0,0,0,0,0,0,84,0,153,0,0,0,0,0,0,0,0,0,0,0,0,875,0,0,828,0,0,0,1 829,0,0,0,0,0
57,Uckermark – Barnim I,168 604,105 423,3 325,3 006,102 098,102 417,27 570,26 654,26 416,24 429,6 372,7 883,32 670,31 720,4 371,4 748,0,0,3 918,3 123,0,187,0,0,0,0,0,0,0,105,0,189,0,0,0,0,0,0,0,0,0,0,0,0,741,0,0,686,0,0,0,1 952,0,0,0,0,781
58,Oberhavel – Havelland II,249 983,171 514,4 907,4 179,166 607,167 335,48 621,42 959,46 088,41 575,12 963,19 163,40 334,38 980,12 193,12 974,0,0,5 400,4 153,0,478,0,0,0,0,0,0,0,181,0,377,0,0,0,0,0,0,0,0,0,0,0,0,1 305,0,0,1 299,0,0,0,3 891,0,0,0,0,1 008
59,Märkisch-Oderland – Barnim II,255 845,174 098,4 674,4 419,169 424,169 679,38 545,36 651,39 959,36 678,11 139,15 335,62 644,57 051,8 195,10 225,0,0,6 096,4 381,0,423,0,0,0,0,0,0,0,210,0,327,0,0,0,0,0,0,0,0,0,0,0,0,2 144,0,0,1 731,0,0,0,4 523,0,0,0,0,2 846
60,Brandenburg an der Havel – Potsdam-Mittelmark I – Havelland III – Teltow-Fläming I,199 083,128 273,3 598,3 708,124 675,124 565,40 957,34 451,30 733,29 834,7 328,9 992,35 484,35 643,4 771,6 047,0,0,3 764,3 013,0,172,0,0,0,0,0,0,0,151,0,199,0,0,0,0,0,0,0,0,0,0,0,0,1 163,0,0,807,0,0,0,3 093,0,0,0,0,1 638
61,Potsdam – Potsdam-Mittelmark II – Teltow-Fläming II,239 221,174 226,4 387,3 560,169 839,170 666,48 720,44 450,40 708,36 600,12 356,17 986,48 515,43 354,16 479,18 279,0,0,3 061,2 129,0,269,0,0,0,0,0,0,0,202,0,345,0,0,0,0,0,0,0,0,0,0,0,0,939,0,0,942,0,0,0,5 171,0,0,0,0,0
62,Dahme-Spreewald – Teltow-Fläming III – Oberspreewald-Lausitz I,246 651,170 204,5 598,4 739,164 606,165 465,53 384,42 834,40 882,39 092,11 959,16 102,43 348,44 923,9 041,9 912,0,0,5 992,4 711,0,368,0,0,0,0,0,0,0,162,0,397,0,0,0,0,0,0,0,0,0,0,0,0,1 255,0,0,1 352,0,0,0,4 357,0,0,0,0,0
63,Frankfurt (Oder) – Oder-Spree,208 525,139 228,4 461,3 597,134 767,135 631,38 470,32 750,30 153,30 506,10 125,12 018,43 589,42 581,7 502,7 464,0,0,4 928,3 788,0,395,0,0,0,0,0,0,0,210,0,374,0,0,0,0,0,0,0,0,0,0,0,0,1 052,0,0,1 108,0,0,0,3 385,0,0,0,0,0
64,Cottbus – Spree-Neiße,196 389,128 179,4 218,3 530,123 961,124 649,34 529,29 999,29 829,30 360,10 878,11 230,37 224,36 561,5 650,6 093,0,0,4 806,3 765,0,344,0,0,0,0,0,0,0,179,0,258,0,0,0,0,0,0,0,0,0,0,0,0,1 169,0,0,1 055,0,0,0,3 636,0,0,0,0,1 045
65,Elbe-Elster – Oberspreewald-Lausitz II,192 709,126 140,4 692,3 992,121 448,122 148,32 688,28 022,35 073,33 467,8 487,10 865,34 324,34 203,3 861,4 238,0,0,5 513,3 839,0,278,0,0,0,0,0,0,0,137,0,270,0,0,0,0,0,0,0,0,0,0,0,0,2 399,0,0,1 435,0,0,0,2 995,0,0,0,915,587
66,Altmark,182 677,112 980,2 552,2 742,110 428,110 238,22 070,19 516,34 501,33 330,6 558,9 725,36 910,37 034,3 725,5 212,0,0,2 461,2 318,0,0,0,0,0,0,0,0,0,232,0,0,0,0,0,0,0,0,0,0,0,0,0,0,449,0,0,0,0,0,0,2 422,0,0,0,0,4 203
67,Börde – Jerichower Land,239 481,146 265,3 411,3 224,142 854,143 041,31 994,25 606,46 686,45 060,13 914,15 368,41 040,43 781,5 041,6 081,0,0,3 446,3 033,0,0,0,0,0,0,0,0,0,331,0,0,0,0,0,0,0,0,0,0,0,0,0,0,461,0,0,0,0,0,0,3 320,0,0,0,0,733
68,Harz,237 308,144 565,3 140,2 705,141 425,141 860,28 783,24 355,46 720,44 482,10 250,13 296,44 002,45 736,7 796,7 148,0,0,3 871,3 285,0,0,0,0,0,0,0,0,2,310,0,0,0,0,0,0,0,0,0,0,0,0,0,0,346,0,0,0,0,0,0,2 902,0,0,0,0,1
69,Magdeburg,249 356,150 236,2 871,2 531,147 365,147 705,32 420,27 817,45 389,41 192,9 686,13 503,47 303,47 538,8 572,10 199,0,0,2 539,2 205,0,0,0,0,0,0,0,0,612,402,0,0,0,0,0,0,0,0,0,0,0,0,0,0,288,0,0,0,0,0,0,4 561,0,0,0,0,844
70,Dessau – Wittenberg,197 289,122 932,2 348,2 120,120 584,120 812,22 187,19 739,43 424,38 247,8 810,12 614,36 809,37 709,5 004,6 131,0,0,2 928,2 627,0,0,0,0,0,0,0,0,544,317,0,0,0,0,0,0,0,0,0,0,0,0,0,0,428,0,0,0,0,0,0,3 000,0,0,0,0,878
71,Anhalt,253 026,145 615,3 498,3 330,142 117,142 285,30 774,23 590,44 726,43 574,11 119,15 040,44 803,47 363,4 938,5 296,0,0,3 719,3 377,0,0,0,0,0,0,0,0,900,490,0,0,0,0,0,0,0,0,0,0,0,0,0,0,450,0,0,0,0,0,0,3 105,0,0,0,0,1 138
72,Halle,223 268,139 785,2 462,2 185,137 323,137 600,22 341,21 684,42 430,37 004,11 760,15 974,46 272,43 617,11 056,11 950,0,0,2 483,2 234,0,0,0,0,0,0,0,0,981,511,0,0,0,0,0,0,0,0,0,0,0,0,0,0,320,0,0,0,0,0,0,4 306,0,0,0,0,0
73,Burgenland – Saalekreis,214 081,127 503,2 535,2 474,124 968,125 029,23 592,19 513,41 281,39 777,11 224,14 153,39 610,39 876,3 950,4 740,0,0,4 399,3 792,0,0,0,0,0,0,0,0,0,257,0,0,0,0,0,0,0,0,0,0,0,0,0,0,380,0,0,0,0,0,0,2 541,0,0,0,0,912
74,Mansfeld,232 086,136 840,3 127,2 738,133 713,134 102,23 028,21 030,43 014,39 645,10 818,14 574,47 051,46 802,5 465,4 977,0,0,4 337,3 713,0,0,0,0,0,0,0,0,0,331,0,0,0,0,0,0,0,0,0,0,0,0,0,0,407,0,0,0,0,0,0,2 623,0,0,0,0,0
75,Berlin-Mitte,197 252,133 355,2 749,2 340,130 606,131 015,33 943,27 780,28 760,24 854,8 869,13 590,24 871,25 216,28 108,28 880,0,0,2 110,1 530,0,519,0,0,0,1 576,0,0,0,107,951,329,0,0,116,0,0,0,0,0,0,0,0,167,129,0,527,0,0,245,0,5 450,0,0,0,0,2 994
76,Berlin-Pankow,232 250,166 099,2 836,2 350,163 263,163 749,44 769,29 850,28 374,28 163,9 604,13 626,47 070,45 099,26 674,32 401,0,0,3 702,3 007,0,486,0,0,0,2 225,0,0,0,104,1 090,457,0,0,178,0,0,0,0,0,0,0,0,235,241,0,559,0,0,351,0,6 767,0,0,0,0,1 980
77,Berlin-Reinickendorf,183 112,132 532,3 039,2 666,129 493,129 866,35 540,27 842,50 554,42 771,13 711,20 580,10 525,12 060,13 875,17 577,0,0,2 613,2 074,0,772,0,0,0,1 946,0,0,0,30,879,372,0,0,76,0,0,0,0,0,0,0,0,36,165,0,340,0,0,246,0,2 979,0,0,0,0,1 796
78,Berlin-Spandau – Charlottenburg Nord,184 436,126 799,3 098,2 821,123 701,123 978,41 051,29 109,44 994,37 170,10 612,18 277,11 446,13 611,10 853,16 451,0,0,2 463,1 982,0,618,0,0,0,2 019,0,0,285,96,1 245,560,0,0,87,0,0,0,0,0,0,0,0,44,184,0,371,0,0,226,0,3 173,0,0,0,0,752
79,Berlin-Steglitz-Zehlendorf,217 335,172 795,2 610,2 188,170 185,170 607,45 691,34 488,66 075,53 085,15 138,28 876,9 325,12 270,27 392,33 004,0,0,1 544,1 309,0,472,1 416,0,0,1 860,0,0,0,34,462,283,0,0,79,0,0,0,0,0,0,0,0,36,137,875,623,0,0,312,0,3 739,0,0,0,0,2 267
80,Berlin-Charlottenburg-Wilmersdorf,195 857,150 356,2 623,1 971,147 733,148 385,47 340,31 719,44 549,39 331,16 397,24 313,9 978,12 868,26 778,32 724,0,0,1 187,893,0,262,0,0,0,1 518,0,0,0,34,912,265,0,0,53,0,0,0,0,0,0,0,0,45,88,0,465,0,0,243,0,3 564,0,0,0,0,592
81,Berlin-Tempelhof-Schöneberg,232 759,172 928,3 533,3 001,169 395,169 927,38 244,36 351,54 971,45 372,13 292,23 407,13 787,16 995,44 506,36 630,0,0,2 413,1 891,0,545,0,0,0,2 270,0,0,0,72,1 328,463,0,0,86,0,0,0,0,0,0,0,0,101,192,0,598,0,0,335,0,4 619,0,0,0,0,854
82,Berlin-Neukölln,197 444,132 613,3 915,3 357,128 698,129 256,35 168,27 639,39 618,33 469,11 468,16 486,15 852,17 986,18 805,22 698,0,0,3 356,2 554,0,611,0,0,0,2 066,0,0,218,108,0,209,0,0,128,0,0,0,0,0,0,0,280,150,158,0,394,0,0,261,0,4 339,0,0,0,0,3 933
83,Berlin-Friedrichshain-Kreuzberg – Prenzlauer Berg Ost,222 647,160 861,2 572,2 419,158 289,158 442,26 415,32 015,18 394,18 788,6 425,9 693,27 796,39 641,73 897,43 347,0,0,1 791,1 436,0,284,0,0,0,1 793,0,0,0,130,0,166,0,0,171,0,0,0,0,0,0,0,649,354,118,0,727,0,0,306,0,9 473,0,0,0,0,2 922
84,Berlin-Treptow-Köpenick,200 391,142 838,2 326,2 083,140 512,140 755,25 520,27 765,29 124,25 955,6 247,11 261,62 880,47 438,10 495,15 486,0,0,4 092,3 688,0,443,0,0,0,2 106,0,0,398,168,1 131,513,0,0,132,0,0,0,0,0,0,0,0,205,234,0,367,0,0,281,0,4 713,0,0,0,0,625
85,Berlin-Marzahn-Hellersdorf,203 416,128 897,2 496,2 224,126 401,126 673,20 336,20 906,24 563,22 875,6 969,9 741,60 236,51 662,7 242,8 847,0,0,4 725,3 832,0,456,0,0,0,2 189,0,0,0,127,1 564,579,0,0,156,0,0,0,0,0,0,0,0,235,356,0,249,0,0,189,0,4 274,0,0,0,0,766
86,Berlin-Lichtenberg,204 766,132 766,2 283,2 014,130 483,130 752,24 028,22 618,22 566,21 347,5 048,8 666,61 874,53 815,9 652,11 490,0,0,4 492,3 603,0,453,0,0,0,1 960,0,0,0,101,1 384,513,0,0,158,0,0,0,0,0,0,0,0,286,273,0,272,0,0,225,0,4 972,0,0,0,0,1 439
87,Aachen I,176 885,130 211,1 582,1 194,128 629,129 017,38 523,28 937,50 703,41 146,11 554,19 464,9 520,10 911,17 241,20 765,0,0,1 088,789,0,221,0,385,0,672,0,0,0,34,0,32,0,0,9,0,87,0,62,0,0,0,0,0,54,0,0,0,0,149,0,4 837,0,149,314,0,0
88,Aachen II,228 546,160 816,2 766,2 296,158 050,158 520,54 205,45 981,63 511,53 062,13 275,23 518,13 502,14 926,11 056,12 491,0,0,2 501,1 767,0,820,0,792,0,1 107,0,0,0,19,0,29,0,0,18,0,125,0,70,0,0,0,0,0,114,0,0,0,0,81,0,2 764,0,239,597,0,0
89,Heinsberg,187 605,131 761,2 409,1 923,129 352,129 838,31 111,27 877,65 143,53 888,12 342,21 315,9 859,10 638,8 933,9 307,0,0,1 964,1 532,0,413,0,784,0,1 047,0,0,0,17,0,24,0,0,20,0,145,0,69,0,0,0,0,0,73,0,0,0,0,94,0,1 976,0,199,420,0,0
90,Düren,199 907,144 058,2 447,1 979,141 611,142 079,43 655,36 209,65 662,53 597,10 745,21 383,10 079,11 924,8 956,11 102,0,0,2 514,2 066,0,259,0,891,0,1 100,0,0,0,20,0,28,0,0,19,0,201,0,72,0,0,0,0,0,74,0,0,0,0,62,0,2 273,0,207,592,0,0
91,Rhein-Erft-Kreis I,245 417,180 037,2 597,2 259,177 440,177 778,63 487,49 072,69 845,60 798,18 620,29 495,11 215,13 214,11 195,16 136,0,0,2 620,1 952,0,500,0,793,0,1 333,0,0,0,33,0,42,0,0,29,0,236,0,80,0,0,0,0,0,98,0,0,0,0,151,0,2 688,0,195,933,0,458
92,Euskirchen – Rhein-Erft-Kreis II,245 382,176 069,3 421,2 576,172 648,173 493,50 035,40 709,75 290,63 653,20 620,32 011,11 679,13 139,12 239,15 126,0,0,2 321,1 810,0,420,0,931,0,1 276,0,0,0,43,0,40,0,0,24,0,209,0,103,0,0,0,0,0,146,0,0,0,0,160,0,2 523,0,326,844,0,464
93,Köln I,186 798,127 011,1 718,1 178,125 293,125 833,43 837,33 774,42 094,34 195,10 902,18 981,10 614,12 092,15 557,20 019,0,0,1 971,1 398,0,368,0,433,0,816,0,0,0,70,0,25,0,0,20,0,179,0,74,0,0,0,0,0,53,0,0,0,0,146,0,2 522,0,214,454,0,318
94,Köln II,224 430,172 562,1 350,1 006,171 212,171 556,55 471,37 665,59 710,48 545,18 455,32 663,9 550,12 138,26 614,34 040,0,0,1 131,809,0,227,0,337,0,755,0,0,281,41,0,27,0,0,28,0,129,0,67,0,0,0,0,0,48,0,0,0,0,252,0,3 237,0,207,341,0,0
95,Köln III,197 023,134 252,1 619,1 296,132 633,132 956,47 625,37 019,38 093,33 367,11 187,17 225,11 390,13 540,22 550,24 797,0,0,1 788,1 231,0,367,0,473,0,847,0,0,0,53,0,38,0,0,26,0,153,0,58,0,0,0,0,0,57,0,0,0,0,201,0,2 791,0,257,456,0,0
96,Bonn,219 218,167 574,1 898,1 655,165 676,165 919,55 251,37 387,51 674,51 654,31 606,31 483,8 381,11 624,16 856,26 573,0,0,1 211,1 049,0,244,0,443,0,786,0,0,0,40,251,87,0,0,26,0,137,0,87,0,0,0,0,0,52,446,0,0,0,208,0,3 685,0,74,280,0,0
97,Rhein-Sieg-Kreis I,231 404,167 034,2 203,1 856,164 831,165 178,42 568,37 986,73 959,58 516,18 727,31 488,10 523,11 650,15 389,17 359,0,0,1 765,1 462,0,271,0,678,0,1 113,0,0,0,19,0,21,0,0,15,1 581,741,0,100,0,0,0,0,0,93,0,0,0,0,153,0,2 887,0,194,432,0,319
98,Rhein-Sieg-Kreis II,211 859,161 746,1 994,1 715,159 752,160 031,39 489,33 235,80 363,59 487,16 012,34 858,7 430,8 800,14 046,16 898,0,0,1 443,1 188,0,224,0,605,0,974,0,0,0,27,0,15,0,0,15,969,452,0,96,0,0,0,0,0,69,0,0,0,0,149,0,2 445,0,163,331,0,0
99,Oberbergischer Kreis,211 963,150 609,2 389,2 173,148 220,148 436,41 165,35 604,71 759,56 807,12 990,25 007,9 599,11 070,10 066,12 826,0,0,1 734,1 317,0,380,0,905,0,977,0,0,0,16,0,36,0,0,22,0,193,0,79,0,0,0,0,0,119,0,0,0,458,264,0,2 035,0,228,551,0,449
100,Rheinisch-Bergischer Kreis,215 582,166 669,1 598,1 541,165 071,165 128,43 992,38 415,82 523,58 572,14 198,31 480,8 561,10 832,13 745,18 582,0,0,1 643,1 227,0,353,0,725,0,1 111,0,0,0,30,0,47,0,0,18,0,197,0,87,0,0,0,0,0,94,0,0,0,0,177,0,2 346,0,292,543,0,409
101,Leverkusen – Köln IV,213 303,146 460,2 044,1 605,144 416,144 855,53 517,40 982,51 242,43 188,11 332,20 670,11 723,13 715,13 386,18 064,0,0,2 364,1 815,0,448,0,712,0,1 039,0,0,323,180,0,42,0,0,29,0,153,0,76,0,0,0,0,0,92,0,0,0,0,160,0,2 578,0,292,620,0,529
102,Wuppertal I,216 614,145 089,2 101,1 915,142 988,143 174,51 180,39 244,49 021,40 972,11 852,19 458,15 003,16 743,13 308,18 285,0,0,2 337,1 537,0,1 098,0,629,0,1 009,0,0,287,114,0,25,0,0,27,0,169,0,56,0,0,0,0,0,78,0,0,0,0,128,0,2 880,0,189,533,0,0
103,Solingen – Remscheid – Wuppertal II,229 927,162 192,2 157,1 794,160 035,160 398,54 910,42 869,62 365,51 248,13 940,26 079,13 418,15 057,12 956,16 357,0,0,2 446,1 668,0,664,0,819,0,1 103,0,0,0,91,0,44,0,0,26,0,193,0,102,0,0,0,0,0,139,0,0,0,0,157,0,2 891,0,223,668,0,0
104,Mettmann I,204 450,150 715,1 709,1 613,149 006,149 102,50 319,36 767,66 300,52 053,11 674,27 081,8 412,10 411,10 611,15 404,0,0,1 690,1 218,0,628,0,785,0,960,0,0,0,32,0,48,0,0,21,0,164,0,84,0,0,0,0,0,69,0,0,0,0,123,0,2 401,0,257,596,0,0
105,Mettmann II,168 402,122 690,1 541,1 261,121 149,121 429,43 173,32 740,48 276,40 999,11 332,20 574,8 418,9 839,8 447,11 350,0,0,1 503,1 061,0,467,0,596,0,756,0,0,0,28,0,28,0,0,20,0,122,0,94,0,0,0,0,0,84,0,0,0,0,95,0,1 955,0,199,422,0,0
106,Düsseldorf I,218 215,159 600,1 586,1 214,158 014,158 386,45 125,35 625,68 749,52 747,16 472,31 626,10 266,11 962,15 894,19 967,0,0,1 304,804,0,734,0,405,0,876,0,0,204,71,0,38,0,0,28,0,114,0,90,0,0,0,0,0,47,0,0,0,0,104,0,2 554,0,155,439,0,0
107,Düsseldorf II,195 910,134 823,1 690,1 328,133 133,133 495,44 295,34 873,50 233,40 906,10 758,20 625,12 948,13 244,13 137,16 897,0,0,1 560,900,0,1 002,0,511,0,841,0,0,202,64,0,28,0,0,23,0,119,0,89,0,0,0,0,0,63,0,0,0,0,108,0,2 499,0,208,495,0,0
108,Neuss I,213 950,149 942,1 966,1 695,147 976,148 247,43 614,36 812,70 787,55 419,12 763,25 944,8 709,9 755,9 935,12 133,0,0,2 168,1 543,0,530,0,813,0,989,0,0,0,30,0,22,0,0,22,0,133,0,509,0,0,0,0,0,85,0,0,0,0,107,0,2 556,0,242,603,0,0
109,Mönchengladbach,194 294,124 190,1 774,1 444,122 416,122 746,33 852,30 018,55 784,43 020,11 573,22 148,9 233,10 241,10 162,10 876,0,0,1 569,1 231,0,301,0,526,0,906,0,0,0,31,0,20,0,0,19,0,104,0,259,0,0,0,0,0,49,0,0,0,0,84,0,2 191,0,196,526,0,243
110,Krefeld I – Neuss II,204 291,149 731,1 695,1 473,148 036,148 258,43 087,35 551,62 639,53 252,18 168,28 625,8 641,10 016,12 043,13 867,0,0,1 358,1 012,0,345,2 100,1 028,0,926,0,0,0,44,0,32,0,0,20,0,121,0,285,0,0,0,0,0,60,0,0,0,0,90,0,2 267,0,195,522,0,0
111,Viersen,227 805,164 366,1 990,1 658,162 376,162 708,41 691,36 743,79 359,61 723,15 755,30 071,11 102,11 935,12 633,14 433,0,0,1 836,1 428,0,302,0,840,0,1 269,0,0,0,22,0,22,0,0,25,0,133,0,106,0,0,0,0,0,78,0,0,0,0,130,0,2 554,0,171,723,0,0
112,Kleve,226 029,158 453,2 128,1 714,156 325,156 739,46 290,36 810,76 480,66 161,14 620,25 249,8 787,9 566,10 148,12 355,0,0,0,1 045,0,299,0,819,0,974,0,0,0,25,0,29,0,0,15,0,115,0,90,0,0,0,0,0,95,0,0,0,0,138,0,2 277,0,166,511,0,0
113,Wesel I,207 451,151 261,1 740,1 553,149 521,149 708,57 225,48 139,57 576,49 564,10 624,19 441,11 071,12 676,9 873,12 853,0,0,1 569,1 323,0,395,1 583,923,0,969,0,0,0,30,0,28,0,0,15,0,97,0,86,0,0,0,0,0,87,0,0,0,0,114,0,2 335,0,187,446,0,0
114,Krefeld II – Wesel II,182 878,129 601,1 681,1 412,127 920,128 189,50 636,40 990,44 906,38 812,11 098,18 168,10 123,11 438,9 462,12 727,0,0,1 425,1 091,0,308,0,535,0,841,0,0,270,108,0,21,0,0,20,0,102,0,72,0,0,0,0,0,76,0,0,0,0,76,0,2 078,0,187,539,0,0
115,Duisburg I,174 332,119 956,1 747,1 546,118 209,118 410,50 231,43 400,37 146,31 256,6 956,11 768,12 481,13 717,8 933,11 123,0,0,2 102,1 470,0,573,0,631,0,971,0,0,0,151,0,34,0,0,29,0,113,0,127,0,0,0,0,0,103,0,0,0,0,100,0,2 123,0,205,516,0,360
116,Duisburg II,171 011,103 924,1 799,1 555,102 125,102 369,47 568,40 861,27 634,24 190,5 734,8 813,11 275,13 901,6 288,7 577,0,0,3 042,2 019,0,540,0,533,0,885,0,0,275,178,0,34,0,0,31,0,87,0,181,0,0,0,0,0,121,0,0,0,0,58,0,1 685,0,187,488,0,309
117,Oberhausen – Wesel III,212 283,148 108,1 982,1 803,146 126,146 305,65 189,57 689,40 001,35 712,9 231,15 049,14 008,16 311,14 772,13 352,0,0,2 643,2 011,0,480,0,740,0,1 109,0,0,282,118,0,43,0,0,35,0,119,0,93,0,0,0,0,0,135,0,0,0,0,106,0,2 325,0,211,667,0,0
118,Mülheim – Essen I,194 638,140 658,1 722,1 407,138 936,139 251,57 547,49 498,44 653,37 762,11 852,18 416,12 143,13 226,10 801,13 253,0,0,1 940,1 458,0,538,0,698,0,1 018,0,0,0,139,0,60,0,0,32,0,108,0,66,0,0,0,0,0,83,0,0,0,0,97,0,2 054,0,227,518,0,0
119,Essen II,171 457,107 997,1 581,1 308,106 416,106 689,49 023,41 637,28 968,25 067,6 967,10 947,11 065,12 431,7 352,9 495,0,0,2 218,1 619,0,979,0,565,0,874,0,0,240,141,583,154,0,0,31,0,118,0,74,0,0,0,0,0,62,0,0,0,0,65,0,1 852,0,171,407,0,0
120,Essen III,197 729,149 281,1 591,1 198,147 690,148 083,57 055,45 888,53 269,44 455,11 035,20 829,10 240,12 239,13 969,17 807,0,0,1 614,1 227,0,598,0,525,0,915,0,0,0,91,508,148,0,0,39,0,142,0,78,0,0,0,0,0,75,0,0,0,0,109,0,2 341,0,173,404,0,0
121,Recklinghausen I,174 767,124 037,1 847,1 379,122 190,122 658,52 627,43 571,37 504,34 732,9 090,13 462,12 781,14 202,7 846,9 984,0,0,2 078,1 470,0,410,0,599,0,852,0,0,0,80,0,30,0,0,17,0,102,0,56,0,0,0,0,0,182,0,0,0,0,82,0,2 162,0,202,463,0,264
122,Recklinghausen II,194 999,140 361,1 810,1 428,138 551,138 933,58 984,51 110,44 021,40 418,10 678,15 219,13 805,14 614,8 603,10 299,0,0,2 269,1 554,0,483,0,694,0,1 010,0,0,191,96,0,28,0,0,29,0,134,0,64,0,0,0,0,0,135,0,0,0,0,83,0,2 285,0,211,467,0,0
123,Gelsenkirchen,187 486,121 673,2 652,1 472,119 021,120 201,64 623,50 435,31 011,27 930,8 344,10 846,0,14 497,9 013,8 327,0,0,4 199,2 018,0,1 094,0,573,0,818,0,0,1 831,454,0,33,0,0,21,0,112,0,67,0,0,0,0,0,108,0,0,0,0,52,0,2 148,0,158,510,0,0
124,Steinfurt I – Borken I,200 304,143 677,1 979,1 411,141 698,142 266,42 736,34 893,63 123,59 231,17 533,22 277,8 306,9 197,8 774,10 999,0,0,1 226,993,0,201,0,647,0,568,0,0,0,16,0,20,0,0,20,0,67,0,128,0,0,0,0,0,62,0,0,0,0,113,0,2 249,0,227,358,0,0
125,Bottrop – Recklinghausen III,208 655,148 523,1 804,1 596,146 719,146 927,62 810,54 532,48 290,42 153,9 710,16 171,13 765,15 624,8 372,10 267,0,0,2 391,1 738,0,643,0,804,0,1 052,0,0,243,128,0,34,0,0,23,0,102,0,74,0,0,0,0,0,114,0,0,0,1 138,447,0,2 261,0,182,578,0,0
126,Borken II,196 659,147 728,1 494,1 231,146 234,146 497,37 324,32 344,79 254,67 056,12 521,24 230,6 385,7 222,9 706,10 793,0,0,1 044,805,0,188,0,625,0,599,0,0,0,17,0,12,0,0,13,0,73,0,103,0,0,0,0,0,56,0,0,0,0,94,0,1 823,0,100,344,0,0
127,Coesfeld – Steinfurt II,189 353,146 369,1 372,1 100,144 997,145 269,37 851,31 790,73 636,61 901,14 229,24 041,7 634,8 504,10 674,13 607,0,0,973,752,0,213,0,703,0,705,0,0,0,13,0,16,0,0,20,0,80,0,93,0,0,0,0,0,67,0,0,0,0,163,0,2 008,0,169,424,0,0
128,Steinfurt III,192 966,143 782,1 842,1 371,141 940,142 411,58 679,43 523,61 444,51 067,11 613,20 001,9 075,9 250,0,13 366,0,0,1 129,929,0,204,0,686,0,555,0,0,0,14,0,24,0,0,15,0,56,0,63,0,0,0,0,0,71,0,0,0,0,85,0,2 047,0,169,286,0,0
129,Münster,210 934,163 921,1 362,1 190,162 559,162 731,53 029,38 604,63 819,54 902,16 131,23 951,7 805,10 970,20 822,27 985,0,0,718,574,0,175,0,416,0,567,0,0,0,39,0,17,0,0,19,0,89,0,78,0,0,0,0,0,38,0,0,0,0,417,0,3 489,0,107,294,0,235
130,Warendorf,211 287,156 217,2 696,1 809,153 521,154 408,49 996,37 608,75 187,62 706,16 333,23 668,12 005,9 824,0,14 609,0,0,0,977,0,302,0,685,0,688,0,0,0,8,0,14,0,0,16,0,112,0,107,0,0,0,0,0,82,0,0,0,0,119,0,2 308,0,132,443,0,0
131,Gütersloh I,232 944,168 245,2 536,1 925,165 709,166 320,53 509,42 512,74 149,64 808,15 138,24 698,9 909,10 855,11 924,16 035,0,0,0,1 202,0,361,0,824,0,855,0,0,0,25,0,24,0,0,24,0,152,0,86,0,0,0,0,0,118,0,0,0,625,379,0,2 639,0,177,546,0,455
132,Bielefeld – Gütersloh II,247 085,180 441,2 348,2 091,178 093,178 350,61 405,53 583,64 621,54 277,10 852,19 883,14 056,17 126,24 981,25 057,0,0,1 784,1 453,0,311,0,755,0,956,0,0,0,68,394,100,0,0,45,0,132,0,67,0,0,0,0,0,120,0,0,0,0,179,0,3 497,0,190,551,0,0
133,Herford – Minden-Lübbecke II,233 781,165 115,2 497,2 079,162 618,163 036,62 644,53 661,61 244,53 025,15 549,22 018,12 090,12 887,11 091,14 121,0,0,0,1 362,0,603,0,856,0,942,0,0,0,31,0,26,0,0,23,0,189,0,56,0,0,0,0,0,90,0,0,0,0,137,0,2 373,0,215,421,0,0
134,Minden-Lübbecke I,209 155,147 381,1 996,1 756,145 385,145 625,57 561,47 299,61 751,51 869,9 628,18 097,8 809,10 401,7 636,11 482,0,0,0,917,0,771,0,820,0,713,0,0,0,21,0,22,0,0,29,0,98,0,56,0,0,0,0,0,83,0,0,0,0,113,0,2 284,0,153,397,0,0
135,Lippe I,174 517,127 817,1 880,1 522,125 937,126 295,50 688,43 628,46 447,40 545,11 879,16 627,8 492,9 059,8 431,10 270,0,0,0,1 039,0,358,0,779,0,728,0,0,0,23,0,36,0,0,10,0,95,0,66,0,0,0,0,0,94,0,0,0,0,119,0,2 283,0,139,397,0,0
136,Höxter – Lippe II,216 917,158 321,2 673,2 368,155 648,155 953,49 149,45 184,71 813,58 814,12 086,23 125,9 100,10 266,9 957,11 708,0,0,1 502,1 151,0,254,1 586,1 037,0,727,0,0,0,21,0,21,0,0,31,0,125,0,91,0,0,0,0,0,109,0,0,0,455,309,0,2 474,0,132,374,0,0
137,Paderborn – Gütersloh III,243 442,172 558,2 208,2 107,170 350,170 451,43 120,34 925,88 754,73 354,15 282,28 805,9 436,10 380,12 001,14 619,0,0,1 757,1 340,0,377,0,1 111,0,810,0,0,0,24,0,26,0,0,28,0,149,0,113,0,0,0,0,0,116,0,0,0,0,184,0,3 478,0,145,467,0,0
138,Hagen – Ennepe-Ruhr-Kreis I,217 768,150 712,1 885,1 650,148 827,149 062,63 980,49 061,49 893,45 225,11 251,18 246,12 188,14 448,8 836,13 557,0,0,2 679,1 774,0,937,0,673,0,1 231,0,0,0,87,0,36,0,0,12,0,137,0,72,0,0,0,0,0,96,0,0,0,0,79,0,2 407,0,278,706,0,0
139,Ennepe-Ruhr-Kreis II,183 435,135 860,1 727,1 430,134 133,134 430,54 845,46 848,40 763,35 927,13 392,16 778,11 180,12 596,11 621,15 248,0,0,1 762,1 382,0,307,0,673,0,1 103,0,0,285,153,0,29,0,0,42,0,126,0,61,0,0,0,0,0,108,0,0,0,0,116,0,2 180,0,194,559,0,285
140,Bochum I,214 358,153 800,1 853,1 579,151 947,152 221,65 810,55 224,47 030,37 763,8 578,16 390,14 741,16 442,12 775,18 094,0,0,2 268,1 796,0,360,0,608,0,1 171,0,0,259,126,486,100,0,0,49,0,126,0,57,0,0,0,0,0,101,0,0,0,0,119,0,2 943,0,214,538,0,0
141,Herne – Bochum II,188 777,128 511,3 036,1 948,125 475,126 563,64 331,50 922,33 693,28 681,8 545,11 591,0,16 261,12 393,11 074,0,0,2 570,1 563,2 768,1 418,0,604,0,944,0,0,1 175,175,0,20,0,0,34,0,93,0,60,0,0,0,0,0,164,0,0,0,0,81,0,2 074,0,236,568,0,0
142,Dortmund I,214 213,149 331,1 556,1 258,147 775,148 073,60 839,48 882,40 623,36 237,12 890,17 813,14 273,16 272,16 141,20 133,0,0,2 281,1 469,0,231,0,521,0,960,0,0,288,146,440,103,0,0,22,0,128,0,63,0,0,0,0,0,838,0,0,0,0,105,0,3 311,0,201,638,0,0
143,Dortmund II,208 840,141 167,1 605,1 412,139 562,139 755,59 141,49 813,40 622,34 006,9 387,15 993,14 819,16 104,12 292,15 553,0,0,2 379,1 654,0,263,0,677,0,1 000,0,0,0,101,0,42,0,0,25,0,149,0,53,0,0,0,0,0,663,0,0,0,0,70,0,2 383,0,275,931,0,922
144,Unna I,202 933,148 909,1 757,1 552,147 152,147 357,62 638,55 439,47 702,38 646,9 418,17 773,12 451,13 842,12 737,13 756,0,0,2 206,1 665,0,307,0,727,0,1 045,0,0,0,44,0,24,0,0,18,0,144,0,52,0,0,0,0,0,207,0,0,0,0,88,0,2 439,0,183,958,0,0
145,Hamm – Unna II,239 907,167 422,2 324,1 932,165 098,165 490,72 446,55 249,54 088,52 623,14 952,19 998,11 638,15 917,8 993,12 798,0,0,2 981,2 113,0,536,0,810,0,1 049,0,0,0,60,0,26,0,0,26,0,120,0,66,0,0,0,0,0,206,0,0,0,0,88,0,2 889,0,241,675,0,0
146,Soest,232 781,165 293,2 204,1 921,163 089,163 372,47 583,41 522,74 725,59 805,15 625,27 675,11 432,12 460,11 924,14 081,0,0,1 800,1 324,0,388,0,1 037,0,922,0,0,0,13,0,48,0,0,22,0,149,0,123,0,0,0,0,0,118,0,0,0,0,106,0,2 612,0,315,652,0,0
147,Hochsauerlandkreis,209 440,152 242,1 927,1 702,150 315,150 540,40 010,36 741,77 687,63 133,13 753,24 530,9 362,10 064,7 966,9 460,0,0,1 537,1 223,0,306,0,910,0,809,0,0,0,25,0,23,0,0,26,0,146,0,121,0,0,0,0,0,96,0,0,0,0,112,0,2 008,0,206,601,0,0
148,Siegen-Wittgenstein,218 411,156 878,2 271,1 682,154 607,155 196,60 500,44 822,64 217,53 999,15 482,23 059,12 009,12 362,0,13 385,0,0,2 399,1 910,0,660,0,755,0,920,0,0,0,22,0,26,0,0,22,0,152,0,88,0,0,0,0,0,67,0,0,0,0,218,0,2 044,0,200,485,0,0
149,Olpe – Märkischer Kreis I,214 196,151 127,1 941,1 733,149 186,149 394,42 273,36 470,70 705,59 358,15 568,25 021,10 100,10 797,8 476,10 379,0,0,2 064,1 564,0,503,0,879,0,978,0,0,0,40,0,20,0,0,37,0,151,0,115,0,0,0,0,0,119,0,0,0,0,108,0,1 901,0,281,673,0,0
150,Märkischer Kreis II,210 993,146 986,1 788,1 661,145 198,145 325,59 521,41 755,52 751,51 494,11 740,20 616,10 431,12 450,6 207,10 589,0,0,2 331,1 902,0,555,0,810,2 217,1 310,0,0,0,48,0,25,0,0,23,0,169,0,67,0,0,0,0,0,105,0,0,0,0,105,0,2 181,0,335,786,0,0
151,Nordsachsen,178 447,109 628,1 785,1 672,107 843,107 956,15 860,16 927,44 147,38 440,10 611,13 747,27 760,27 765,4 357,4 783,0,0,5 108,5 069,0,381,0,0,0,0,0,0,0,261,0,583,0,0,0,0,0,0,0,0,0,0,0,0,0,0,0,0,0,0,0,0,0,0,0,0,0
152,Leipzig I,202 455,129 834,1 719,1 523,128 115,128 311,24 866,23 070,42 704,38 471,11 781,16 478,34 015,32 762,8 856,11 474,0,0,4 202,4 225,0,340,0,0,0,0,0,0,0,294,1 691,1 197,0,0,0,0,0,0,0,0,0,0,0,0,0,0,0,0,0,0,0,0,0,0,0,0,0
153,Leipzig II,212 804,144 581,1 904,1 786,142 677,142 795,32 841,26 133,41 101,37 304,10 505,16 983,36 117,36 431,17 345,20 998,0,0,3 094,3 119,0,248,0,0,0,0,0,0,0,376,1 674,1 203,0,0,0,0,0,0,0,0,0,0,0,0,0,0,0,0,0,0,0,0,0,0,0,0,0
154,Leipzig-Land,231 084,148 389,2 283,2 081,146 106,146 308,23 471,23 354,60 969,53 735,14 799,19 240,33 044,34 826,6 745,7 533,0,0,5 988,5 751,0,462,0,0,0,0,0,0,0,375,0,1 032,0,0,0,0,0,0,0,0,0,0,0,0,0,0,0,0,0,0,0,0,0,0,0,0,1 090
155,Meißen,216 629,140 109,2 289,2 288,137 820,137 821,17 236,17 987,62 290,51 703,12 403,20 052,29 423,31 286,8 315,7 979,0,0,7 050,6 875,0,404,0,0,0,0,0,0,0,327,0,1 208,0,0,0,0,0,0,0,0,0,0,0,0,0,0,0,0,0,0,0,0,0,0,0,0,1 103
156,Bautzen I,237 786,154 966,2 907,2 573,152 059,152 393,16 870,18 906,64 325,59 103,17 755,20 969,38 241,37 144,6 505,6 431,0,0,8 363,7 597,0,527,0,0,0,0,0,0,0,448,0,1 268,0,0,0,0,0,0,0,0,0,0,0,0,0,0,0,0,0,0,0,0,0,0,0,0,0
157,Görlitz,238 958,149 737,2 750,2 590,146 987,147 147,17 005,18 569,62 338,55 015,13 935,19 223,35 786,36 231,7 381,7 004,0,0,7 842,8 035,0,540,0,0,0,0,0,0,0,413,2 700,2 117,0,0,0,0,0,0,0,0,0,0,0,0,0,0,0,0,0,0,0,0,0,0,0,0,0
158,Sächsische Schweiz-Osterzgebirge,215 674,141 214,2 454,2 254,138 760,138 960,16 194,16 725,62 530,56 001,15 292,19 910,28 233,28 970,6 378,7 346,0,0,7 983,7 717,0,412,0,0,0,0,0,0,0,258,2 150,1 621,0,0,0,0,0,0,0,0,0,0,0,0,0,0,0,0,0,0,0,0,0,0,0,0,0
159,Dresden I,230 676,157 220,2 007,1 773,155 213,155 447,25 959,24 373,56 749,53 247,14 818,20 574,37 180,34 171,13 668,16 961,0,0,3 851,3 980,0,281,0,0,0,0,0,0,0,297,1 575,1 563,0,0,0,0,0,0,0,0,0,0,0,0,0,0,0,0,0,0,0,0,0,0,0,0,1 413
160,Dresden II – Bautzen II,231 247,154 609,2 328,2 012,152 281,152 597,22 268,21 518,55 401,51 621,18 204,21 783,29 679,30 870,18 871,19 978,0,0,4 389,4 501,0,366,0,0,0,0,0,0,436,391,1 597,1 569,0,0,0,0,0,0,0,0,0,0,0,0,0,0,0,0,0,0,0,0,0,0,0,0,1 436
161,Mittelsachsen,223 149,143 690,2 294,2 123,141 396,141 567,20 800,18 677,61 579,54 525,14 032,19 726,32 744,34 630,5 921,6 208,0,0,6 320,6 200,0,483,0,0,0,0,0,0,0,315,0,803,0,0,0,0,0,0,0,0,0,0,0,0,0,0,0,0,0,0,0,0,0,0,0,0,0
162,Chemnitz,205 652,136 100,1 716,1 603,134 384,134 497,27 060,22 991,45 876,41 081,12 106,17 147,37 433,38 448,8 109,9 524,0,0,3 800,3 651,0,537,0,0,0,0,0,0,0,305,0,813,0,0,0,0,0,0,0,0,0,0,0,0,0,0,0,0,0,0,0,0,0,0,0,0,0
163,Chemnitzer Umland – Erzgebirgskreis II,202 743,133 277,2 151,1 955,131 126,131 322,19 247,19 114,54 065,49 258,14 092,16 968,33 133,33 488,5 360,5 946,0,0,5 229,4 975,0,463,0,0,0,0,0,0,0,281,0,829,0,0,0,0,0,0,0,0,0,0,0,0,0,0,0,0,0,0,0,0,0,0,0,0,0
164,Erzgebirgskreis I,247 624,159 655,2 884,2 857,156 771,156 798,17 168,18 846,63 211,60 413,23 820,22 051,37 166,39 545,5 896,5 919,0,0,7 930,7 876,0,618,0,0,0,0,0,0,0,373,0,1 157,0,0,0,0,0,0,0,0,0,0,0,0,0,0,0,0,0,0,0,0,0,0,0,0,1 580
165,Zwickau,229 535,145 614,2 383,2 228,143 231,143 386,20 864,21 336,55 605,51 459,13 097,17 402,40 265,39 659,6 491,6 418,0,0,5 394,5 268,0,517,0,0,0,0,0,0,0,316,995,1 011,0,0,0,0,0,0,0,0,0,0,0,0,0,0,0,0,0,0,0,0,0,0,0,0,520
166,Vogtlandkreis,213 732,137 330,2 421,2 276,134 909,135 054,21 393,20 227,55 128,49 522,12 755,16 882,33 586,35 235,5 849,6 781,0,0,4 908,4 772,0,569,0,0,0,0,1 290,0,0,251,0,815,0,0,0,0,0,0,0,0,0,0,0,0,0,0,0,0,0,0,0,0,0,0,0,0,0
167,Waldeck,192 360,140 808,3 801,3 513,137 007,137 295,51 737,45 343,48 414,41 109,13 180,20 210,10 400,11 657,11 209,13 498,0,0,1 756,1 393,0,504,0,0,0,1 121,0,0,0,48,0,122,0,0,0,0,0,0,0,0,0,0,0,0,115,0,0,0,0,0,0,2 175,0,0,0,0,311
168,Kassel,222 636,161 033,4 254,3 903,156 779,157 130,59 621,49 114,47 643,40 134,12 188,19 820,15 453,17 656,19 246,23 320,0,0,1 594,1 275,0,470,0,0,0,1 374,0,0,319,173,0,159,0,0,0,0,0,0,0,0,0,0,0,0,112,0,0,0,0,0,0,3 523,0,0,0,0,715
169,Werra-Meißner – Hersfeld-Rotenburg,184 337,135 727,3 713,3 630,132 014,132 097,53 275,45 401,45 711,39 966,12 290,17 526,11 080,12 927,7 530,10 679,0,0,2 128,1 939,0,422,0,0,0,1 004,0,0,0,35,0,155,0,0,0,0,0,0,0,0,0,0,0,0,95,0,0,0,0,0,0,1 948,0,0,0,0,0
170,Schwalm-Eder,194 732,144 490,4 391,4 275,140 099,140 215,56 519,47 585,47 053,40 592,13 487,19 854,11 395,12 958,9 370,12 935,0,0,2 275,1 813,0,556,0,0,0,1 256,0,0,0,37,0,119,0,0,0,0,0,0,0,0,0,0,0,0,128,0,0,0,0,0,0,2 382,0,0,0,0,0
171,Marburg,185 071,135 293,2 382,2 195,132 911,133 098,51 712,38 139,47 322,41 356,10 964,17 410,10 857,13 181,10 366,16 884,0,0,1 690,1 290,0,843,0,0,0,1 116,0,0,0,27,0,151,0,0,0,0,0,0,0,0,0,0,0,0,76,0,0,0,0,0,0,2 625,0,0,0,0,0
172,Lahn-Dill,212 611,147 952,3 104,2 730,144 848,145 222,47 897,40 485,60 214,50 391,12 968,21 137,9 815,12 133,11 032,13 382,0,0,2 922,2 236,0,741,0,0,0,1 431,0,0,0,40,0,147,0,0,0,0,0,0,0,0,0,0,0,0,127,0,0,0,0,0,0,2 972,0,0,0,0,0
173,Gießen,214 882,156 108,3 598,3 357,152 510,152 751,52 287,41 649,55 987,47 442,16 804,24 009,10 623,13 713,13 484,17 988,0,0,2 137,1 706,0,644,0,0,0,1 434,0,0,0,43,0,182,0,0,0,0,0,0,0,0,0,0,0,0,146,0,0,0,0,0,0,3 795,0,0,0,0,1 188
174,Fulda,210 695,156 363,3 465,3 141,152 898,153 222,35 602,29 960,77 514,63 835,15 268,27 119,10 267,11 590,11 257,13 158,0,0,2 972,2 306,0,910,0,0,0,1 337,0,0,0,54,0,191,0,0,0,0,0,0,0,0,0,0,0,0,155,0,0,0,0,0,0,2 607,0,0,0,0,18
175,Main-Kinzig – Wetterau II – Schotten,181 422,132 713,3 530,3 444,129 183,129 269,41 711,31 980,52 895,43 652,12 321,22 105,9 127,10 916,7 982,12 272,0,0,2 954,2 553,379,1 203,0,0,1 690,1 635,0,0,0,25,0,164,0,0,0,0,0,0,0,0,0,0,0,0,137,0,0,0,0,0,0,2 627,0,0,0,0,124
176,Hochtaunus,182 246,141 075,2 300,2 217,138 775,138 858,35 257,29 758,62 748,49 902,16 255,27 979,7 522,9 229,12 976,15 877,0,0,1 081,1 055,862,807,0,0,2 074,1 472,0,0,0,26,0,127,0,0,0,0,0,0,0,0,0,0,0,0,74,0,0,0,0,0,0,2 552,0,0,0,0,0
177,Wetterau I,173 946,131 624,2 757,2 617,128 867,129 007,42 438,31 677,53 317,43 285,11 785,23 124,7 497,9 336,9 434,14 730,0,0,2 360,2 197,0,365,0,0,1 785,1 434,0,0,0,30,0,121,0,0,0,0,0,0,0,0,0,0,0,0,77,0,0,0,0,0,0,2 631,0,0,0,0,251
178,Rheingau-Taunus – Limburg,221 226,166 456,3 400,2 837,163 056,163 619,45 127,36 352,75 224,60 875,17 463,30 530,9 066,10 853,13 141,17 210,0,0,1 432,1 490,1 603,1 133,0,0,0,1 665,0,0,0,32,0,174,0,0,0,0,0,0,0,0,0,0,0,0,106,0,0,0,0,0,0,3 199,0,0,0,0,0
179,Wiesbaden,187 479,133 425,2 374,2 221,131 051,131 204,42 751,30 892,53 416,40 831,12 350,23 194,9 016,11 333,10 970,18 560,0,0,1 516,1 070,0,1 049,0,0,0,1 005,0,0,0,37,588,269,0,0,0,0,0,0,0,0,0,0,0,0,125,0,0,0,0,0,0,2 839,0,0,0,0,444
180,Hanau,175 874,128 322,2 768,2 732,125 554,125 590,43 514,30 978,48 218,39 674,10 972,21 904,8 909,11 247,8 536,13 998,0,0,1 577,1 556,1 385,1 282,0,0,2 443,1 924,0,0,0,38,0,158,0,0,0,0,0,0,0,0,0,0,0,0,109,0,0,0,0,0,0,2 722,0,0,0,0,0
181,Main-Taunus,195 505,155 748,2 821,2 322,152 927,153 426,36 629,29 515,72 680,56 989,18 588,33 225,7 718,8 699,15 618,18 258,0,0,1 694,1 140,0,701,0,0,0,1 437,0,0,0,30,0,165,0,0,0,0,0,0,0,0,0,0,0,0,110,0,0,0,0,0,0,3 157,0,0,0,0,0
182,Frankfurt am Main I,190 058,132 429,2 217,2 091,130 212,130 338,39 147,29 107,45 866,36 031,12 876,22 761,12 031,14 551,15 701,20 645,0,0,1 327,1 266,862,824,0,0,1 879,1 415,0,0,170,92,353,210,0,0,0,0,0,0,0,0,0,0,0,0,81,0,0,0,0,0,0,3 355,0,0,0,0,0
183,Frankfurt am Main II,212 140,156 548,2 671,2 150,153 877,154 398,45 074,33 243,55 027,43 089,14 336,27 031,11 998,15 397,23 403,28 225,0,0,1 546,1 183,0,651,0,0,2 077,1 503,0,0,0,62,416,190,0,0,0,0,0,0,0,0,0,0,0,0,102,0,0,0,0,0,0,3 722,0,0,0,0,0
184,Groß-Gerau,172 278,128 119,3 099,2 765,125 020,125 354,44 973,35 058,45 410,37 526,10 177,18 630,9 449,11 103,12 072,15 677,0,0,2 457,1 680,0,1 098,0,0,0,1 463,0,0,0,60,0,178,0,0,0,0,0,0,0,0,0,0,0,0,109,0,0,0,0,0,0,2 772,0,0,0,0,482
185,Offenbach,221 180,158 857,3 969,4 213,154 888,154 644,44 542,34 376,62 281,49 267,15 843,28 409,11 594,13 813,15 243,19 863,0,0,2 434,1 766,0,1 068,0,0,2 722,1 858,0,0,0,41,0,198,0,0,0,0,0,0,0,0,0,0,0,0,150,0,0,0,0,0,0,3 835,0,0,0,0,229
186,Darmstadt,233 622,176 435,3 467,3 050,172 968,173 385,60 581,43 605,60 536,49 924,13 553,26 539,11 213,14 869,20 963,29 727,0,0,1 860,1 501,0,788,0,0,0,1 650,0,0,0,87,0,173,0,0,0,0,0,0,0,396,0,0,0,0,132,0,0,0,0,0,3 866,4 390,0,0,0,0,0
187,Odenwald,234 911,176 808,5 386,4 959,171 422,171 849,50 797,42 756,69 191,56 677,18 409,29 697,11 574,13 403,16 215,19 379,0,0,2 183,1 907,1 772,1 723,0,0,0,1 765,0,0,0,79,0,228,0,0,0,0,0,0,0,0,0,0,0,0,137,0,0,0,0,0,0,4 098,0,0,0,0,1 281
188,Bergstraße,199 708,148 308,3 135,2 708,145 173,145 600,44 903,35 748,64 472,50 275,12 966,25 219,9 171,10 891,11 296,15 683,0,0,2 365,1 607,0,1 458,0,0,0,1 618,0,0,0,41,0,165,0,0,0,0,0,0,0,0,0,0,0,0,113,0,0,0,0,0,0,2 782,0,0,0,0,0
189,Eichsfeld – Nordhausen – Unstrut-Hainich-Kreis I,204 717,136 404,1 658,1 545,134 746,134 859,22 854,22 341,57 882,51 863,9 942,14 382,33 005,32 391,5 540,6 507,0,0,3 798,3 631,0,299,0,0,0,0,0,0,0,127,0,0,0,0,0,0,0,0,0,0,0,0,0,0,0,0,0,0,1 416,1 009,0,2 309,0,0,0,0,309
190,Eisenach – Wartburgkreis – Unstrut-Hainich-Kreis II,201 700,131 047,1 984,1 912,129 063,129 135,29 106,23 845,44 903,42 063,8 211,11 921,35 666,36 508,4 921,6 451,0,0,4 864,4 607,0,467,0,0,0,0,0,0,0,268,0,0,0,0,0,0,0,0,0,0,0,0,0,0,0,0,0,0,0,489,0,2 516,0,0,0,0,1 392
191,Kyffhäuserkreis – Sömmerda – Weimarer Land I,201 075,128 032,1 860,1 843,126 172,126 189,22 839,21 710,42 706,39 723,9 808,12 671,39 605,37 959,5 762,6 074,0,0,4 857,4 385,0,491,0,0,0,0,0,0,0,186,0,0,0,0,0,0,0,0,0,0,0,0,0,0,0,0,0,0,0,406,0,2 584,0,0,0,0,595
192,Gotha – Ilm-Kreis,214 510,139 919,2 112,1 971,137 807,137 948,37 032,27 092,40 063,42 479,10 056,12 393,35 942,38 257,7 391,7 608,0,0,5 475,4 924,0,513,0,0,0,0,0,0,0,191,0,0,0,0,0,0,0,0,0,0,0,0,0,0,0,0,0,0,0,499,0,3 992,0,0,0,0,1 848
193,Erfurt – Weimar – Weimarer Land II,225 534,151 129,1 962,1 637,149 167,149 492,33 468,26 879,45 899,41 750,8 889,13 419,43 013,41 765,12 129,15 620,0,0,4 149,3 760,0,451,0,0,0,0,0,0,0,293,0,0,0,0,0,0,0,0,0,0,0,0,0,0,0,0,0,0,0,600,0,4 955,0,0,0,0,1 620
194,Gera – Jena – Saale-Holzland-Kreis,245 228,164 803,2 274,1 893,162 529,162 910,34 658,28 034,46 590,44 951,15 695,16 832,49 344,48 724,11 471,13 243,0,0,4 771,4 209,0,574,0,0,0,0,0,0,0,190,0,0,0,0,0,0,0,0,0,0,0,0,0,0,0,0,0,0,0,634,0,5 519,0,0,0,0,0
195,Greiz – Altenburger Land,182 336,116 989,1 952,1 743,115 037,115 246,20 224,19 006,42 988,37 841,9 237,12 557,33 672,33 017,4 196,4 919,0,0,4 720,4 168,0,397,0,0,0,0,0,0,0,156,0,0,0,0,0,0,0,0,0,0,0,0,0,0,0,0,0,0,0,478,0,2 707,0,0,0,0,0
196,Sonneberg – Saalfeld-Rudolstadt – Saale-Orla-Kreis,231 447,148 939,2 261,1 845,146 678,147 094,27 824,25 004,46 726,44 770,12 534,14 342,45 820,45 439,5 684,6 654,0,0,6 574,5 978,0,615,0,0,0,0,0,0,582,395,0,0,0,0,0,0,0,0,0,0,0,0,0,0,0,0,0,0,0,557,0,3 340,0,0,0,0,934
197,Suhl – Schmalkalden-Meiningen – Hildburghausen,207 012,130 502,1 857,1 606,128 645,128 896,27 055,22 682,39 600,38 338,10 313,12 118,41 361,40 815,5 936,6 762,0,0,4 380,3 941,0,532,0,0,0,0,0,0,0,185,0,0,0,0,0,0,0,0,0,0,0,0,0,0,0,0,0,0,0,414,0,3 109,0,0,0,0,0
198,Neuwied,242 568,172 799,3 873,2 735,168 926,170 064,61 544,42 279,66 214,61 307,17 881,28 754,11 331,15 360,9 518,14 005,0,0,2 438,1 820,0,689,0,1 548,0,0,0,1 022,0,72,0,0,0,0,0,0,0,0,0,0,0,0,0,0,123,0,0,0,0,327,0,2 758,0,0,0,0,0
199,Ahrweiler,195 658,139 346,2 813,2 187,136 533,137 159,33 987,28 973,62 145,54 737,20 470,25 933,8 310,10 171,10 094,11 622,0,0,1 527,1 192,0,409,0,1 123,0,0,0,288,0,31,0,0,0,0,0,0,0,0,0,0,0,0,0,0,79,0,0,0,0,397,0,2 204,0,0,0,0,0
200,Koblenz,196 560,138 790,3 133,2 553,135 657,136 237,38 080,32 414,59 853,49 065,13 084,23 679,9 935,11 239,13 222,13 732,0,0,1 483,1 188,0,432,0,1 118,0,0,0,227,0,31,0,0,0,0,0,0,0,0,0,0,0,0,0,0,98,0,0,0,0,324,0,2 690,0,0,0,0,0
201,Mosel/Rhein-Hunsrück,178 493,129 502,4 212,2 615,125 290,126 887,29 768,26 369,59 719,49 993,15 621,24 093,8 979,10 510,9 690,10 221,0,0,1 513,1 130,0,482,0,1 278,0,0,0,385,0,25,0,0,0,0,0,0,0,0,0,0,0,0,0,0,100,0,0,0,0,284,0,2 017,0,0,0,0,0
202,Kreuznach,190 569,133 191,3 062,2 458,130 129,130 733,37 332,34 984,61 167,43 300,8 684,21 190,11 579,14 197,8 768,11 065,0,0,1 798,1 560,0,547,0,1 158,0,0,0,248,0,36,0,0,0,0,0,0,0,0,0,0,0,0,0,0,158,0,0,0,0,260,0,2 030,0,0,0,0,801
203,Bitburg,168 357,120 001,3 429,2 390,116 572,117 611,28 042,22 419,53 705,48 270,16 213,22 500,8 043,9 642,9 274,9 922,0,0,1 295,1 021,0,354,0,1 237,0,0,0,149,0,22,0,0,0,0,0,0,0,0,0,0,0,0,0,0,92,0,0,0,0,266,0,1 717,0,0,0,0,0
204,Trier,192 571,139 027,3 573,2 348,135 454,136 679,35 039,30 426,61 980,50 519,11 330,20 509,11 639,13 128,14 143,16 500,0,0,1 323,1 099,0,350,0,1 119,0,0,0,155,0,27,0,0,0,0,0,0,0,0,0,0,0,0,0,0,74,0,0,0,0,284,0,2 489,0,0,0,0,0
205,Montabaur,213 225,154 343,3 255,2 698,151 088,151 645,44 416,36 122,65 215,53 078,16 541,28 104,11 884,13 186,10 685,13 047,0,0,2 347,1 895,0,638,0,1 627,0,0,0,540,0,31,0,0,0,0,0,0,0,0,0,0,0,0,0,0,118,0,0,0,0,311,0,2 948,0,0,0,0,0
206,Mainz,251 837,191 097,3 627,2 619,187 470,188 478,57 338,43 303,68 081,61 777,22 054,29 045,10 737,13 922,23 696,29 745,0,0,2 043,1 153,0,2 265,0,1 035,0,0,0,245,0,34,304,0,0,0,0,0,0,0,0,0,0,0,0,0,96,833,0,0,2 384,1 305,0,4 553,0,0,0,0,0
207,Worms,202 156,147 381,3 191,2 788,144 190,144 593,54 255,39 125,51 892,46 831,14 051,22 748,10 218,12 098,10 515,14 609,0,0,3 259,2 284,0,1 508,0,1 468,0,0,0,421,0,30,0,0,0,0,0,0,0,0,0,0,0,0,0,0,137,0,0,0,0,425,0,2 909,0,0,0,0,0
208,Ludwigshafen/Frankenthal,217 445,153 455,3 013,2 744,150 442,150 711,48 713,40 325,57 736,48 785,12 878,22 392,13 002,15 457,9 277,12 919,0,0,1 807,1 798,3 631,3 601,0,1 443,0,0,0,314,210,121,0,0,0,0,0,0,0,0,0,0,0,0,0,0,158,0,0,0,0,319,3 188,3 079,0,0,0,0,0
209,Neustadt – Speyer,220 974,164 052,3 870,2 884,160 182,161 168,40 404,36 117,71 481,57 953,14 870,26 988,12 546,13 486,13 748,16 485,0,0,2 710,1 935,0,1 918,3 140,2 217,0,0,0,453,0,44,0,0,0,0,0,0,0,0,0,0,0,0,0,0,116,0,0,0,0,426,0,3 030,0,0,0,0,1 283
210,Kaiserslautern,235 030,163 350,4 062,3 166,159 288,160 184,55 070,44 362,52 311,45 212,14 725,22 932,22 205,22 670,10 834,13 936,0,0,4 143,3 197,0,1 373,0,2 074,0,0,0,414,0,55,0,0,0,0,0,0,0,0,0,0,0,0,0,0,132,0,0,0,0,406,0,3 421,0,0,0,0,0
211,Pirmasens,184 220,131 065,4 156,3 205,126 909,127 860,34 342,28 982,50 035,44 143,14 105,19 605,15 989,16 977,8 840,8 528,0,0,3 598,2 533,0,1 662,0,1 945,0,0,0,387,0,32,0,0,0,0,0,0,0,0,0,0,0,0,0,0,114,0,0,0,0,391,0,2 561,0,0,0,0,0
212,Südpfalz,214 215,156 149,3 719,3 029,152 430,153 120,42 287,34 790,61 994,52 517,19 431,26 201,10 926,13 137,12 637,15 635,0,0,3 230,2 272,0,1 980,0,1 889,0,0,0,575,0,59,0,0,0,0,0,0,0,0,0,0,0,0,0,0,134,0,0,0,0,609,0,3 322,0,0,0,0,1 925
213,Altötting,166 775,112 507,1 738,1 221,110 769,111 286,16 724,14 831,0,0,9 508,13 992,5 362,5 641,8 477,8 923,67 284,57 712,2 045,1 347,0,1 086,0,789,0,650,0,99,0,20,1 369,309,0,1 297,0,0,0,0,0,0,0,143,0,0,63,0,251,0,0,1 517,0,1 896,0,720,0,0,0
214,Erding – Ebersberg,185 961,140 360,2 228,1 157,138 132,139 203,24 402,19 106,0,0,16 433,22 094,6 073,6 265,17 573,17 458,67 518,61 088,1 837,1 018,0,1 711,0,996,0,959,0,91,0,35,0,54,0,1 434,0,0,0,0,0,0,0,114,0,0,60,0,289,0,3 969,2 453,0,2 562,0,1 416,0,0,327
215,Freising,212 087,154 723,2 174,1 218,152 549,153 505,21 693,20 646,0,0,20 220,22 532,8 510,8 417,25 879,18 984,71 748,68 578,2 636,1 855,0,928,0,1 052,0,1 031,0,162,0,32,5,47,63,1 467,0,0,0,0,0,0,0,119,0,0,71,0,338,0,88,1 933,0,3 691,1 697,1 622,0,0,10
216,Fürstenfeldbruck,244 678,186 845,2 143,1 556,184 702,185 289,35 144,29 179,0,0,20 645,29 842,7 146,8 768,19 965,23 104,90 368,79 120,2 007,1 508,0,879,0,1 065,0,1 313,0,150,0,36,0,70,3 109,1 990,0,0,0,0,0,0,0,141,0,0,101,0,408,0,3 120,1 851,0,3 568,2 415,2 196,0,0,783
217,Ingolstadt,250 512,174 765,2 418,1 611,172 347,173 154,26 630,26 701,0,0,13 994,21 359,10 838,10 621,14 082,14 178,98 542,85 841,3 276,2 569,0,1 257,0,1 147,0,993,0,227,0,34,656,120,0,1 321,0,0,0,0,0,0,0,146,0,0,85,0,226,0,3 863,2 323,0,3 421,0,585,0,0,466
218,München-Nord,220 785,158 045,1 459,1 123,156 586,156 922,55 691,31 067,0,0,15 766,28 189,7 773,10 705,15 307,27 405,57 161,48 622,1 531,1 117,0,482,0,461,0,1 019,0,96,123,70,217,95,0,751,0,0,0,0,0,0,0,85,0,0,73,0,306,0,1 732,1 283,0,4 164,0,932,0,0,1 285
219,München-Ost,231 017,170 334,1 469,1 028,168 865,169 306,44 917,32 109,0,0,24 022,31 531,9 109,10 996,21 722,27 466,61 412,55 854,1 286,1 038,0,439,0,546,0,1 099,0,106,0,51,221,127,1 574,1 079,0,0,0,0,0,0,0,83,0,0,74,0,352,0,2 147,1 283,0,3 715,1 616,1 358,0,0,839
220,München-Süd,211 617,155 666,1 546,1 000,154 120,154 666,43 835,30 403,0,0,17 033,25 600,8 266,10 603,20 507,26 219,58 849,51 064,1 289,1 073,0,503,0,493,0,1 005,0,153,0,54,460,148,0,813,0,0,0,0,0,0,0,111,0,0,63,0,325,0,2 097,1 236,0,3 624,0,1 176,0,0,1 784
221,München-West/Mitte,231 682,173 138,1 561,1 086,171 577,172 052,47 101,32 308,0,0,20 442,29 355,9 665,11 587,24 967,33 340,63 075,53 814,1 413,1 029,0,498,0,528,0,1 120,0,160,0,33,412,140,0,929,0,0,0,0,0,0,0,117,0,0,69,0,361,0,2 623,1 550,0,4 045,0,1 069,0,0,1 879
222,München-Land,242 625,192 148,1 783,1 145,190 365,191 003,37 277,31 856,0,0,26 030,37 893,7 201,8 581,25 062,24 576,87 060,75 712,1 548,1 145,0,793,1 926,1 106,0,1 131,0,105,0,20,0,62,0,1 038,0,0,0,0,0,0,0,81,0,0,91,0,337,0,1 986,1 515,0,3 471,1 601,1 490,0,674,0
223,Rosenheim,226 483,161 912,2 087,1 544,159 825,160 368,23 041,20 380,0,0,14 745,23 226,5 967,7 074,19 499,18 258,82 305,74 860,1 172,1 186,3 455,2 960,0,926,0,966,0,149,0,34,375,193,3 612,2 659,0,0,0,0,0,0,0,195,0,0,73,0,455,0,3 905,2 669,0,2 503,1 749,1 602,0,0,0
224,Starnberg,242 366,183 059,2 456,1 459,180 603,181 600,28 179,23 078,0,0,25 954,34 361,6 928,7 442,19 133,21 967,98 057,81 106,2 215,1 409,0,786,49,939,0,1 167,0,140,0,33,0,68,0,1 973,0,0,0,0,0,0,0,161,0,0,101,0,516,0,41,1 717,0,2 611,35,2 025,0,12,0
225,Traunstein,205 115,142 584,1 966,1 402,140 618,141 182,21 406,17 747,0,0,10 142,18 243,6 156,7 122,16 188,16 341,76 741,68 886,2 063,1 641,0,1 420,0,727,0,864,0,245,0,16,608,139,2 860,2 163,0,0,0,0,0,0,0,249,0,0,71,0,325,0,2 409,1 927,0,1 868,1 296,1 188,0,749,0
226,Weilheim,249 153,183 832,2 439,1 704,181 393,182 128,25 894,23 512,0,0,19 076,28 911,7 568,8 897,21 516,20 871,94 302,83 058,1 883,1 501,0,835,0,1 257,0,1 128,0,219,0,28,0,57,3 399,2 740,0,0,0,0,0,0,0,193,0,0,91,0,489,0,4 511,3 277,0,3 098,1 921,1 966,0,0,1 323
227,Deggendorf,154 767,94 922,1 524,1 049,93 398,93 873,15 336,13 611,0,0,11 065,13 485,6 851,7 536,6 717,6 189,49 398,43 628,3 039,2 190,0,1 449,0,686,0,537,0,110,0,17,0,25,0,1 213,0,0,0,0,0,0,0,112,0,0,46,0,187,0,0,1 178,0,1 160,0,514,0,992,0
228,Landshut,246 833,171 065,2 818,1 584,168 247,169 481,25 337,23 634,0,0,22 940,24 031,9 362,9 554,17 133,15 002,84 953,82 466,3 295,2 373,0,1 373,0,1 152,0,1 172,0,130,0,28,0,41,0,1 397,0,0,0,0,0,0,0,155,0,0,80,1 176,710,0,4 051,2 635,0,2 843,0,705,0,0,0
229,Passau,186 068,118 249,1 536,1 124,116 713,117 125,16 573,17 773,0,0,22 069,18 202,9 217,9 198,8 767,9 054,54 275,52 476,2 600,2 077,0,792,0,789,0,723,0,100,0,18,0,40,0,912,0,0,0,0,0,0,0,116,0,0,72,0,226,0,3 212,2 392,0,1 618,0,547,0,0,0
230,Rottal-Inn,162 109,104 487,2 052,1 227,102 435,103 260,17 920,14 151,0,0,10 305,14 359,4 868,5 742,5 828,6 786,54 904,51 702,1 743,1 761,1 719,1 388,0,674,0,599,0,59,0,20,522,124,0,1 140,0,0,0,0,0,0,0,157,0,0,54,0,194,0,4 626,2 472,0,1 392,0,486,0,0,0
231,Straubing,173 068,112 708,1 621,1 345,111 087,111 363,24 922,15 817,0,0,8 650,15 232,5 410,7 257,4 372,5 925,61 572,55 844,2 519,2 085,0,1 258,0,772,0,629,0,69,0,13,0,28,0,1 232,0,0,0,0,0,0,0,93,0,0,47,0,171,0,3 040,2 831,0,1 526,0,534,0,0,602
232,Amberg,214 616,153 659,3 314,1 680,150 345,151 979,30 587,25 606,0,0,18 922,19 418,10 544,10 629,13 833,12 807,71 148,68 586,3 818,2 839,0,913,0,1 284,0,965,0,234,0,37,0,62,0,1 026,0,0,0,0,0,0,0,198,0,0,105,0,213,0,0,2 083,0,3 686,1 493,1 288,0,0,0
233,Regensburg,243 083,171 002,1 933,1 455,169 069,169 547,35 207,29 375,0,0,21 618,22 998,10 514,11 453,14 784,18 343,75 653,72 120,2 753,2 297,0,1 100,0,1 037,0,1 316,0,153,0,40,0,68,0,1 078,0,0,0,0,0,0,0,129,0,0,101,0,430,0,4 410,2 772,2 903,3 566,1 227,1 171,0,0,0
234,Schwandorf,216 044,143 939,2 151,1 957,141 788,141 982,34 321,24 828,0,0,11 058,16 553,9 396,11 310,6 423,8 580,72 791,66 951,3 463,3 020,0,1 185,0,1 225,0,966,0,159,0,22,0,49,0,1 288,0,0,0,0,0,0,0,226,0,0,94,0,191,0,2 830,2 305,0,2 269,0,761,0,0,1 506
235,Weiden,172 011,124 026,1 859,2 270,122 167,121 756,24 261,24 467,0,0,8 664,14 272,6 567,9 093,6 031,8 060,54 891,54 009,2 994,3 071,0,693,0,1 132,0,872,0,108,0,21,0,33,0,1 054,0,0,0,0,0,0,0,222,0,0,59,0,176,0,1 563,1 565,0,2 207,0,642,0,0,17 196
236,Bamberg,177 197,129 049,1 563,1 170,127 486,127 879,26 044,19 553,0,0,13 590,17 523,7 601,8 316,11 726,13 512,62 548,57 433,1 899,1 759,2 213,1 937,0,1 061,0,790,0,188,0,58,0,33,1 562,770,0,0,0,0,0,0,0,138,0,0,55,0,244,0,0,754,0,3 041,0,714,0,0,303
237,Bayreuth,164 344,117 290,1 654,974,115 636,116 316,23 920,22 018,0,0,9 898,16 066,6 318,6 865,13 096,10 937,58 848,51 124,1 701,1 593,1 855,1 520,0,818,0,690,0,293,0,20,0,30,0,414,0,0,0,0,0,0,0,131,0,0,50,0,181,0,0,595,0,2 401,0,570,0,0,0
238,Coburg,162 834,115 851,1 784,1 272,114 067,114 579,28 882,26 869,0,0,8 805,13 398,7 475,8 116,9 380,8 707,55 174,49 248,2 775,2 384,0,614,0,711,0,597,0,231,0,35,0,25,0,261,0,0,0,0,0,0,0,70,0,0,56,0,165,0,1 234,697,0,2 093,0,302,0,0,342
239,Hof,180 735,126 096,2 057,1 735,124 039,124 361,33 763,29 265,0,0,9 604,14 036,9 994,10 550,9 302,8 678,57 632,51 661,3 094,2 458,0,916,0,999,0,1 005,0,511,0,31,0,49,0,487,0,0,0,0,0,0,0,111,0,0,93,0,167,0,0,484,0,2 248,0,612,0,0,650
240,Kulmbach,173 473,128 501,1 198,1 384,127 303,127 117,18 717,21 863,0,0,4 885,14 520,6 624,8 038,5 985,8 731,86 658,62 880,3 027,2 682,0,1 215,0,1 045,0,827,0,259,0,25,0,48,0,546,0,0,0,0,0,0,0,112,0,0,59,0,185,0,1 407,1 091,0,2 332,0,659,0,0,0
241,Ansbach,243 953,171 989,2 553,2 119,169 436,169 870,37 133,32 847,0,0,17 346,23 222,9 231,12 176,14 054,17 294,80 239,68 128,3 835,3 023,0,1 301,0,1 520,0,1 061,0,618,0,37,0,42,0,553,0,0,0,0,0,0,0,187,0,0,128,0,400,0,3 658,2 662,3 248,3 512,0,1 159,0,0,692
242,Erlangen,177 261,135 845,1 335,1 091,134 510,134 754,32 269,28 248,0,0,12 736,20 048,8 275,8 821,15 036,18 043,60 685,48 552,1 596,1 362,0,596,1 946,1 095,0,794,0,208,0,45,0,37,0,308,0,0,0,0,0,0,0,70,0,0,50,0,210,0,1 686,1 177,0,4 096,0,994,0,0,281
243,Fürth,249 703,179 941,2 512,2 030,177 429,177 911,44 505,37 820,0,0,15 361,24 978,13 798,14 667,17 109,20 314,76 897,63 392,3 551,2 714,0,1 251,0,1 512,0,1 355,0,393,0,66,0,66,0,492,0,0,0,0,0,0,0,142,0,0,136,0,364,0,0,1 610,4 166,5 035,0,1 604,0,2 042,0
244,Nürnberg-Nord,189 738,135 154,1 572,1 190,133 582,133 964,41 246,29 751,0,0,10 652,18 528,10 923,12 554,15 043,20 934,48 943,40 094,2 320,1 835,0,611,0,620,0,1 129,0,168,187,106,0,52,0,233,0,0,0,0,0,0,0,89,0,0,79,0,313,0,0,847,4 268,4 940,0,1 081,0,0,0
245,Nürnberg-Süd,184 672,124 786,1 689,1 371,123 097,123 415,37 159,30 766,0,0,10 498,14 592,10 794,11 698,10 048,12 210,47 519,42 645,3 136,2 548,0,752,0,776,0,946,0,209,0,62,0,44,0,267,0,0,0,0,0,0,0,85,0,0,80,0,262,0,0,753,2 653,3 220,1 290,1 500,0,0,0
246,Roth,224 946,171 076,2 256,1 692,168 820,169 384,40 464,36 327,0,0,18 809,23 177,9 610,11 262,16 521,19 517,75 280,64 763,3 289,2 487,0,1 474,0,1 139,0,1 162,0,359,0,28,0,42,0,495,0,0,0,0,0,0,0,120,0,0,94,0,361,0,0,1 065,3 205,3 690,1 642,1 822,0,0,0
247,Aschaffenburg,183 872,135 005,2 840,2 297,132 165,132 708,25 143,23 235,0,0,15 185,20 868,8 072,8 828,22 717,15 071,56 491,53 201,2 716,1 750,0,1 791,0,1 089,0,917,0,99,0,67,0,50,0,329,0,0,0,0,0,0,0,120,0,0,60,0,246,0,1 841,979,0,2 828,0,1 180,0,0,0
248,Bad Kissingen,219 607,162 052,2 659,1 900,159 393,160 152,28 487,23 712,0,0,13 592,22 188,13 000,13 717,14 723,12 475,85 574,75 708,3 305,2 504,0,1 580,0,1 339,0,804,0,259,0,33,0,56,0,495,0,0,0,0,0,0,0,196,0,0,70,0,264,0,0,1 242,0,2 807,0,703,0,0,712
249,Main-Spessart,199 081,147 482,3 186,2 289,144 296,145 193,28 659,25 872,0,0,12 858,20 360,8 817,9 346,13 649,14 285,75 542,63 513,1 620,1 575,2 230,1 826,0,1 205,0,1 067,921,232,0,46,0,47,0,379,0,0,0,0,0,0,0,113,0,0,59,0,307,0,0,1 087,0,2 888,0,986,0,0,0
250,Schweinfurt,200 116,146 050,3 121,1 867,142 929,144 183,27 794,24 747,0,0,13 713,18 742,14 803,13 317,14 598,13 182,66 253,62 265,3 029,1 829,0,1 790,0,1 090,0,771,0,277,0,62,0,40,2 213,784,0,0,0,0,0,0,0,157,0,0,57,0,242,0,0,990,0,3 076,0,765,0,0,526
251,Würzburg,225 807,170 031,2 185,1 569,167 846,168 462,39 055,31 440,0,0,17 030,23 203,9 334,10 582,21 914,24 341,73 800,65 294,2 312,1 287,0,2 462,0,1 011,0,1 103,0,250,0,36,0,59,0,428,0,0,0,0,0,0,0,147,0,0,39,0,260,0,0,1 422,3 659,4 262,0,836,0,0,742
252,Augsburg-Stadt,206 196,135 957,1 789,1 748,134 168,134 209,26 268,24 981,0,0,14 638,17 645,9 318,10 552,19 708,16 898,56 644,51 728,2 038,1 602,0,899,0,665,0,965,0,136,230,113,177,89,1 022,674,0,0,0,0,0,0,0,115,0,0,88,0,307,0,1 621,1 073,0,4 166,1 658,1 513,0,0,846
253,Augsburg-Land,240 672,177 024,2 484,1 754,174 540,175 270,27 427,25 356,0,0,20 137,27 522,8 264,9 425,15 031,16 430,92 508,80 335,2 834,2 168,0,1 777,0,1 187,0,1 208,0,200,0,46,444,122,2 552,1 609,0,0,0,0,0,0,0,191,0,0,110,0,405,0,2 804,1 790,0,3 399,2 539,1 990,0,0,0
254,Donau-Ries,189 097,133 619,2 191,1 497,131 428,132 122,20 901,18 290,0,0,15 337,19 314,8 025,7 605,9 962,10 139,69 102,64 647,2 549,1 919,0,1 725,0,1 077,0,703,0,172,0,30,0,41,2 385,1 432,0,0,0,0,0,0,0,182,0,0,63,888,495,0,1 982,1 367,0,2 170,0,751,0,0,297
255,Neu-Ulm,235 775,164 678,2 832,1 790,161 846,162 888,24 977,23 937,0,0,18 406,26 391,10 245,10 341,17 398,14 310,82 046,72 060,4 483,3 499,0,1 013,0,1 283,0,1 040,0,344,0,36,0,96,0,1 005,0,0,0,0,0,0,0,250,0,0,131,0,331,0,4 291,2 387,0,3 496,0,938,0,0,0
256,Oberallgäu,221 708,158 857,2 008,1 618,156 849,157 239,19 107,20 392,0,0,17 464,26 018,7 842,8 735,20 093,17 753,83 181,70 559,1 314,1 202,2 092,1 800,0,1 200,0,1 039,0,242,0,41,0,53,2 606,1 507,0,0,0,0,0,0,0,357,0,0,71,0,353,0,3 150,2 299,0,2 635,0,983,0,0,0
257,Ostallgäu,242 341,170 224,2 992,2 194,167 232,168 030,22 859,20 544,0,0,21 115,28 362,8 822,9 369,15 030,15 668,85 429,77 911,2 814,2 262,0,1 010,0,1 196,0,1 018,0,390,0,34,0,85,5 367,2 849,0,0,0,0,0,0,0,397,0,0,119,0,334,0,3 671,2 728,0,2 951,0,803,0,737,1 388
258,Stuttgart I,184 454,142 504,1 527,1 120,140 977,141 384,25 364,26 656,48 518,39 482,14 514,27 557,6 601,9 439,42 116,31 076,0,0,1 068,691,0,758,0,0,0,667,0,250,0,144,446,150,0,0,0,0,143,0,0,0,30,0,0,0,60,0,361,0,0,494,2 350,3 426,0,0,0,0,0
259,Stuttgart II,181 088,129 259,1 789,1 539,127 470,127 720,33 525,26 675,44 002,37 151,13 327,22 059,10 902,11 437,21 453,22 916,0,0,1 673,999,0,1 365,0,0,0,756,0,263,322,253,373,128,0,0,0,0,217,0,0,0,43,0,0,0,62,0,336,0,0,444,1 893,2 616,0,0,0,0,0
260,Böblingen,244 919,185 176,2 730,2 507,182 446,182 669,36 550,34 915,82 344,61 918,23 717,38 125,9 657,11 118,24 138,25 364,0,0,2 914,2 265,0,1 273,0,0,0,1 089,0,1 085,328,197,0,68,0,0,0,0,346,0,0,0,49,0,0,0,88,0,356,0,0,552,2 798,3 861,0,0,0,0,0
261,Esslingen,165 210,125 558,1 711,1 450,123 847,124 108,35 396,25 797,53 829,41 672,10 819,22 873,6 225,7 680,15 511,19 402,0,0,1 768,1 069,0,1 601,0,0,0,582,0,275,299,148,0,68,0,0,0,0,239,0,0,0,50,0,0,0,40,0,210,0,0,351,0,2 051,0,0,0,0,0
262,Nürtingen,204 091,154 949,2 431,1 978,152 518,152 971,36 910,28 943,66 116,51 146,17 768,31 686,7 973,8 661,21 104,22 902,0,0,2 647,1 411,0,2 651,0,0,0,787,0,701,0,88,0,94,0,0,0,0,502,0,0,0,100,0,0,0,59,0,275,0,0,413,0,2 552,0,0,0,0,0
263,Göppingen,180 442,129 901,2 288,2 045,127 613,127 856,33 916,26 524,55 049,42 318,13 177,24 408,8 157,9 327,14 009,17 018,0,0,2 385,1 730,0,1 377,0,0,0,956,0,465,0,79,0,60,0,0,0,0,261,0,0,0,46,0,0,0,68,0,325,0,920,523,0,2 371,0,0,0,0,0
264,Waiblingen,220 220,164 521,2 560,2 140,161 961,162 381,44 071,31 431,69 575,53 864,19 793,33 634,8 627,10 511,15 379,22 834,0,0,2 720,1 775,0,1 503,0,0,0,934,0,907,319,140,0,70,0,0,0,0,311,0,0,0,124,0,0,0,94,0,503,0,1 477,881,0,2 865,0,0,0,0,0
265,Ludwigsburg,206 805,156 053,2 440,1 882,153 613,154 171,34 718,31 079,61 328,50 274,19 431,30 179,9 800,10 382,23 966,23 090,0,0,2 436,1 538,0,1 548,0,0,0,943,971,608,0,109,0,64,0,0,0,0,245,0,0,0,59,0,0,0,70,0,360,0,963,628,0,2 995,0,0,0,0,0
266,Neckar-Zaber,224 090,170 674,2 745,2 300,167 929,168 374,39 430,33 711,70 606,55 618,24 682,34 641,9 169,10 852,18 626,22 773,0,0,2 798,1 941,0,1 954,0,0,0,1 161,0,905,0,60,0,85,0,0,0,0,318,0,0,0,68,0,0,0,108,0,353,0,1 177,785,0,3 041,0,0,0,0,1 441
267,Heilbronn,241 035,168 927,3 239,2 698,165 688,166 229,41 484,35 331,73 308,57 889,19 924,31 932,10 693,12 256,14 594,16 917,0,0,3 657,2 622,0,1 853,0,0,0,1 131,0,912,372,186,0,70,0,0,0,0,358,0,0,0,62,0,0,0,160,0,264,0,1 656,1 040,0,3 246,0,0,0,0,0
268,Schwäbisch Hall – Hohenlohe,223 234,154 351,3 030,2 561,151 321,151 790,32 606,27 907,65 474,52 745,19 839,28 688,10 938,11 554,18 132,19 829,0,0,3 328,2 429,0,1 444,0,0,0,1 070,0,1 173,0,86,0,78,0,0,0,0,401,0,0,0,57,0,0,0,157,0,317,0,0,905,0,2 950,0,0,0,0,1 004
269,Backnang – Schwäbisch Gmünd,176 381,126 601,2 504,2 189,124 097,124 412,30 902,24 289,55 492,44 068,12 822,23 060,8 177,8 840,12 749,15 606,0,0,2 404,1 578,0,1 608,0,0,0,777,1 240,909,0,92,0,79,0,0,0,0,276,0,0,0,56,0,0,0,83,0,329,0,0,533,0,2 229,0,0,0,0,311
270,Aalen – Heidenheim,224 418,159 936,3 218,2 871,156 718,157 065,39 951,32 195,70 599,57 878,15 604,26 534,11 775,12 351,14 226,17 732,0,0,2 996,1 867,0,2 251,0,0,0,915,0,644,0,55,0,86,0,0,0,0,397,0,0,0,66,0,0,0,123,0,314,0,0,827,0,2 830,0,0,0,0,1 567
271,Karlsruhe-Stadt,201 833,143 521,2 030,1 855,141 491,141 666,37 845,29 227,53 872,40 566,11 845,24 654,10 034,11 807,21 452,26 051,0,0,1 534,1 295,0,544,0,0,0,894,0,444,234,133,0,75,0,0,0,0,205,0,0,0,28,0,0,0,76,0,254,0,0,405,4 359,5 008,0,0,0,0,316
272,Karlsruhe-Land,208 654,155 522,2 991,2 339,152 531,153 183,39 021,31 160,68 951,55 285,17 668,29 292,8 569,9 935,15 506,18 066,0,0,2 310,1 567,0,1 228,0,0,0,1 107,0,896,0,67,0,71,0,0,0,0,406,0,0,0,48,0,0,0,95,0,263,0,0,390,0,3 307,0,0,0,0,506
273,Rastatt,208 664,146 160,3 219,2 667,142 941,143 493,33 279,27 376,68 652,55 806,14 235,25 553,8 935,10 093,15 404,16 649,0,0,2 436,1 727,0,1 013,0,0,0,1 095,0,348,0,58,0,83,0,0,0,0,316,0,0,0,58,0,0,0,81,0,321,0,0,378,0,2 538,0,0,0,0,0
274,Heidelberg,211 807,162 920,2 338,1 932,160 582,160 988,47 683,35 337,57 963,49 296,19 314,28 419,8 985,11 823,24 985,28 349,0,0,1 652,1 318,0,686,0,0,0,958,0,288,0,57,0,62,0,0,0,0,239,0,0,0,40,0,0,0,71,0,285,0,0,364,0,3 396,0,0,0,0,0
275,Mannheim,198 437,134 143,2 149,1 785,131 994,132 358,39 845,32 627,48 137,38 435,11 782,19 900,12 520,14 936,16 648,18 052,0,0,2 418,1 772,0,987,0,0,0,1 090,0,238,333,121,0,60,0,0,0,0,286,0,0,0,48,0,0,0,73,0,239,0,0,236,0,3 258,0,0,0,0,311
276,Odenwald – Tauber,215 910,153 296,3 375,3 040,149 921,150 256,29 977,27 740,75 337,63 120,17 199,25 455,9 821,10 357,13 173,13 770,0,0,2 876,2 015,0,1 415,0,0,0,1 139,0,502,0,59,0,98,0,0,0,0,332,0,0,0,51,0,0,0,125,0,274,0,1 538,1 156,0,2 648,0,0,0,0,0
277,Rhein-Neckar,195 971,144 215,2 928,2 277,141 287,141 938,35 426,29 356,59 755,49 922,17 833,26 191,10 596,11 078,14 952,16 723,0,0,2 725,1 894,0,979,0,0,0,1 060,0,489,0,49,0,65,0,0,0,0,328,0,0,0,66,0,0,0,95,0,267,0,0,406,0,2 970,0,0,0,0,0
278,Bruchsal – Schwetzingen,194 304,141 401,3 452,2 611,137 949,138 790,32 525,27 934,64 659,50 031,15 785,26 626,9 995,10 723,12 082,14 084,0,0,2 903,1 825,0,1 642,0,0,0,1 301,0,385,0,65,0,70,0,0,0,0,357,0,0,0,48,0,0,0,85,0,254,0,0,384,0,2 976,0,0,0,0,0
279,Pforzheim,220 877,155 907,3 120,2 805,152 787,153 102,34 944,30 652,62 224,52 771,24 640,30 192,10 353,11 279,15 236,17 556,0,0,3 172,2 029,0,1 439,0,0,0,1 211,2 218,1 374,0,73,0,67,0,0,0,0,450,0,0,0,64,0,0,0,148,0,337,0,0,412,0,3 048,0,0,0,0,0
280,Calw,198 923,142 812,2 877,2 537,139 935,140 275,28 255,24 450,64 808,53 358,17 528,28 260,9 136,9 537,13 460,14 464,0,0,1 915,1 813,2 172,1 955,0,0,0,1 023,2 661,1 698,0,72,0,68,0,0,0,0,325,0,0,0,51,0,0,0,70,0,277,0,0,464,0,2 390,0,0,0,0,0
281,Freiburg,210 636,157 681,2 537,1 998,155 144,155 683,51 192,32 691,44 749,42 224,12 674,21 887,9 675,13 793,33 878,35 536,0,0,890,764,1 063,981,0,0,0,1 165,0,581,0,88,0,49,0,0,0,0,369,0,0,0,56,0,0,0,78,1 023,658,0,0,474,0,4 289,0,0,0,0,0
282,Lörrach – Müllheim,225 703,156 692,2 864,2 577,153 828,154 115,49 591,33 953,58 282,49 707,16 932,26 425,9 268,10 802,16 151,23 904,0,0,2 106,1 271,0,1 333,0,0,0,1 124,1 498,987,0,57,0,55,0,0,0,0,508,0,0,0,51,0,0,0,77,0,323,0,0,422,0,3 116,0,0,0,0,0
283,Emmendingen – Lahr,213 013,149 482,3 557,3 458,145 925,146 024,35 339,29 740,61 427,50 594,14 470,24 135,10 238,11 134,22 429,21 332,0,0,2 022,1 310,0,986,0,0,0,1 425,0,584,0,38,0,56,0,0,0,0,399,0,0,0,298,0,0,0,86,0,355,0,0,523,0,3 029,0,0,0,0,0
284,Offenburg,204 619,141 835,3 305,3 164,138 530,138 671,27 052,24 662,65 336,52 083,15 454,24 887,10 129,10 742,17 460,18 247,0,0,2 069,1 506,0,914,0,0,0,974,0,444,0,42,0,75,0,0,0,0,453,0,0,0,93,0,0,0,97,0,417,0,0,430,0,2 605,0,0,0,0,1 030
285,Rottweil – Tuttlingen,200 726,141 391,3 816,3 024,137 575,138 367,22 388,22 550,66 104,53 547,24 395,30 249,8 140,8 753,11 503,12 924,0,0,3 006,2 298,0,1 126,0,0,0,1 022,0,782,0,45,0,110,0,0,0,0,502,0,0,0,140,0,0,0,131,0,294,0,2 039,1 498,0,2 396,0,0,0,0,0
286,Schwarzwald-Baar,167 458,117 355,2 983,2 618,114 372,114 737,21 835,20 374,54 172,41 694,15 292,23 812,7 158,7 837,13 034,13 344,0,0,2 881,1 978,0,553,0,0,0,937,0,694,0,80,0,61,0,0,0,0,287,0,0,0,166,0,0,0,100,0,254,0,0,455,0,2 111,0,0,0,0,0
287,Konstanz,197 671,140 167,2 793,2 480,137 374,137 687,29 713,26 047,59 256,43 844,20 335,29 372,8 943,9 344,17 439,20 482,0,0,1 688,1 309,0,533,0,0,0,1 319,0,419,0,62,0,60,0,0,0,0,490,0,0,0,116,0,0,0,83,0,444,0,0,465,0,3 298,0,0,0,0,0
288,Waldshut,177 784,125 418,2 689,2 066,122 729,123 352,35 026,23 058,50 967,45 201,13 686,22 993,7 100,7 765,13 091,16 971,0,0,1 667,941,0,1 190,0,0,0,869,0,574,0,38,0,67,0,0,0,0,370,0,0,0,48,0,0,0,74,0,338,0,843,611,0,2 244,0,0,0,0,349
289,Reutlingen,198 399,145 797,3 392,2 561,142 405,143 236,31 385,25 762,60 739,48 389,18 198,28 734,8 449,10 056,19 869,21 388,0,0,2 488,1 818,0,1 282,0,0,0,853,0,584,490,190,0,75,0,0,0,0,466,0,0,0,81,0,0,0,96,0,264,0,0,406,0,2 792,0,0,0,0,787
290,Tübingen,189 559,143 896,2 199,1 855,141 697,142 041,28 501,26 823,55 188,43 603,13 680,24 233,9 801,11 185,30 560,26 939,0,0,2 078,1 452,0,1 122,0,0,0,870,0,525,0,140,0,63,0,0,0,0,372,0,0,0,42,0,0,0,73,0,318,0,814,633,0,3 648,0,0,0,0,1 075
291,Ulm,218 934,161 713,3 270,2 567,158 443,159 146,35 885,28 434,67 812,57 169,18 278,28 714,9 608,10 648,21 479,22 893,0,0,2 513,1 794,0,1 211,0,0,0,1 088,0,647,310,161,0,97,0,0,0,0,525,0,0,0,77,0,0,0,130,0,392,0,0,859,0,4 307,0,0,0,0,2 558
292,Biberach,162 508,117 289,3 263,2 303,114 026,114 986,26 275,15 742,48 662,49 688,17 233,21 665,6 117,6 636,11 176,12 524,0,0,2 389,1 401,0,1 289,0,0,0,879,0,413,0,40,0,77,0,0,0,0,382,0,0,0,60,0,0,0,100,0,277,0,1 760,1 536,0,2 277,0,0,0,0,414
293,Bodensee,167 789,122 655,2 181,1 767,120 474,120 888,23 587,20 080,54 169,44 205,16 521,24 483,7 077,7 775,17 349,16 962,0,0,1 771,1 277,0,628,0,0,0,813,0,344,0,57,0,57,0,0,0,0,402,0,0,0,148,0,0,0,67,0,444,0,0,705,0,2 441,0,0,0,0,0
294,Ravensburg,181 362,130 128,3 110,1 966,127 018,128 162,22 530,19 969,56 931,48 146,17 946,23 997,7 918,8 428,18 639,18 408,0,0,2 006,1 250,0,944,0,0,0,883,0,493,0,74,0,86,0,0,0,0,480,0,0,0,115,0,0,0,76,0,444,0,0,1 965,0,2 404,0,0,0,0,1 048
295,Zollernalb – Sigmaringen,185 890,130 436,3 243,2 621,127 193,127 815,21 695,20 001,62 858,49 774,17 220,27 454,8 292,8 763,11 802,12 571,0,0,2 895,2 036,0,1 527,0,0,0,956,0,600,0,137,0,65,0,0,0,0,385,0,0,0,86,0,0,0,114,0,297,0,0,572,0,2 477,0,0,0,0,2 431
296,Saarbrücken,207 292,146 713,2 699,2 133,144 014,144 580,43 737,34 528,45 748,38 317,10 597,17 651,31 946,34 666,9 696,12 685,0,0,1 967,1 737,0,0,0,1 596,0,0,0,0,323,112,0,0,0,0,0,0,0,0,0,0,0,0,0,0,0,0,0,0,0,0,0,2 536,0,752,0,0,0
297,Saarlouis,214 924,159 639,4 022,3 446,155 617,156 193,51 193,37 749,58 297,50 566,11 516,19 643,24 244,31 057,8 342,10 194,0,0,2 025,1 874,0,0,0,2 013,0,0,0,0,0,48,0,0,0,0,0,0,0,0,0,0,0,0,0,0,0,0,0,0,0,0,0,2 188,0,861,0,0,0
298,St. Wendel,184 896,142 795,3 814,3 079,138 981,139 716,42 910,35 506,55 727,48 373,9 486,15 094,22 965,26 775,6 058,7 507,0,0,1 835,1 629,0,0,0,2 273,0,0,0,0,0,42,0,0,0,0,0,0,0,0,0,0,0,0,0,0,0,0,0,0,0,0,0,1 853,0,664,0,0,0
299,Homburg,201 442,147 047,3 131,2 669,143 916,144 378,44 500,36 681,48 092,42 033,10 508,17 039,27 933,31 382,6 575,9 164,0,0,2 206,2 159,0,0,4 102,3 030,0,0,0,0,0,50,0,0,0,0,0,0,0,0,0,0,0,0,0,0,0,0,0,0,0,0,0,2 043,0,797,0,0,0
